# ************************************************************
# Sequel Pro SQL dump
# Version 4096
#
# http://www.sequelpro.com/
# http://code.google.com/p/sequel-pro/
#
# Host: 127.0.0.1 (MySQL 5.6.20)
# Database: waf
# Generation Time: 2014-09-05 09:22:32 +0000
# ************************************************************


/*!40101 SET @OLD_CHARACTER_SET_CLIENT=@@CHARACTER_SET_CLIENT */;
/*!40101 SET @OLD_CHARACTER_SET_RESULTS=@@CHARACTER_SET_RESULTS */;
/*!40101 SET @OLD_COLLATION_CONNECTION=@@COLLATION_CONNECTION */;
/*!40101 SET NAMES utf8 */;
/*!40014 SET @OLD_FOREIGN_KEY_CHECKS=@@FOREIGN_KEY_CHECKS, FOREIGN_KEY_CHECKS=0 */;
/*!40101 SET @OLD_SQL_MODE=@@SQL_MODE, SQL_MODE='NO_AUTO_VALUE_ON_ZERO' */;
/*!40111 SET @OLD_SQL_NOTES=@@SQL_NOTES, SQL_NOTES=0 */;


# Dump of table a_concepts
# ------------------------------------------------------------

DROP TABLE IF EXISTS `a_concepts`;

CREATE TABLE `a_concepts` (
  `concept_id` int(11) unsigned NOT NULL AUTO_INCREMENT,
  `concept_parent_id` int(11) NOT NULL DEFAULT '0',
  `concept_name` varchar(255) NOT NULL DEFAULT '',
  PRIMARY KEY (`concept_id`),
  UNIQUE KEY `concept_name` (`concept_name`)
) ENGINE=MyISAM DEFAULT CHARSET=latin1;

LOCK TABLES `a_concepts` WRITE;
/*!40000 ALTER TABLE `a_concepts` DISABLE KEYS */;

INSERT INTO `a_concepts` (`concept_id`, `concept_parent_id`, `concept_name`)
VALUES
	(1,0,'site'),
	(2,1,'page'),
	(3,2,'page/home'),
	(4,0,'file/css'),
	(5,2,'page/overview'),
	(6,2,'page/contact'),
	(7,2,'page/disclamer'),
	(8,2,'page/about'),
	(11,2,'page/help'),
	(10,0,'page/test'),
	(12,0,'adaptationlayer'),
	(35,12,'done'),
	(15,12,'hook'),
	(16,12,'intro'),
	(17,12,'cms'),
	(18,0,'contact'),
	(29,2,'page/hook'),
	(30,0,'apage/ahooknext'),
	(31,2,'page/cms'),
	(25,0,'apage/ahookread'),
	(26,0,'apage/ahookread2');

/*!40000 ALTER TABLE `a_concepts` ENABLE KEYS */;
UNLOCK TABLES;


# Dump of table a_globals
# ------------------------------------------------------------

DROP TABLE IF EXISTS `a_globals`;

CREATE TABLE `a_globals` (
  `id` int(11) unsigned NOT NULL AUTO_INCREMENT,
  `startup` text NOT NULL,
  `clean_auto` int(1) NOT NULL DEFAULT '1',
  `clean_expire` int(11) NOT NULL DEFAULT '0',
  `clean_last` timestamp NULL DEFAULT NULL,
  `clean_toglobal` int(1) NOT NULL DEFAULT '1',
  `log` int(1) NOT NULL DEFAULT '0',
  `benchmark` int(1) NOT NULL DEFAULT '0',
  `concept_create_auto` int(1) NOT NULL DEFAULT '0',
  PRIMARY KEY (`id`)
) ENGINE=MyISAM DEFAULT CHARSET=latin1;

LOCK TABLES `a_globals` WRITE;
/*!40000 ALTER TABLE `a_globals` DISABLE KEYS */;

INSERT INTO `a_globals` (`id`, `startup`, `clean_auto`, `clean_expire`, `clean_last`, `clean_toglobal`, `log`, `benchmark`, `concept_create_auto`)
VALUES
	(1,'{done$order;init;1;/}\n{hook$order;init;0.1;/}\n{cms$order;init;0.2;/}\n{$visited;init;1;+1/}\n{$visit;set;1/}\n{intro$knowledge;init;0;/}\n{hook$knowledge;init;0;/}\n{cms$knowledge;init;0;/}',1,86400,'2014-09-05 11:08:16',0,0,0,0);

/*!40000 ALTER TABLE `a_globals` ENABLE KEYS */;
UNLOCK TABLES;


# Dump of table a_relationships
# ------------------------------------------------------------

DROP TABLE IF EXISTS `a_relationships`;

CREATE TABLE `a_relationships` (
  `relationship_id` int(11) NOT NULL AUTO_INCREMENT,
  `parent_concept_id` int(11) NOT NULL,
  `parent_var_name` varchar(255) NOT NULL DEFAULT '',
  `child_concept_id` int(11) NOT NULL,
  `child_var_name` varchar(255) NOT NULL DEFAULT '',
  `relationship_weight` float(3,2) NOT NULL DEFAULT '1.00',
  PRIMARY KEY (`relationship_id`),
  UNIQUE KEY `relationship` (`parent_concept_id`,`parent_var_name`,`child_concept_id`,`child_var_name`)
) ENGINE=MyISAM DEFAULT CHARSET=latin1;

LOCK TABLES `a_relationships` WRITE;
/*!40000 ALTER TABLE `a_relationships` DISABLE KEYS */;

INSERT INTO `a_relationships` (`relationship_id`, `parent_concept_id`, `parent_var_name`, `child_concept_id`, `child_var_name`, `relationship_weight`)
VALUES
	(11,16,'knowledge',3,'visit',1.00),
	(13,17,'order',17,'knowledge',1.00),
	(14,15,'order',15,'knowledge',1.00);

/*!40000 ALTER TABLE `a_relationships` ENABLE KEYS */;
UNLOCK TABLES;


# Dump of table a_vars
# ------------------------------------------------------------

DROP TABLE IF EXISTS `a_vars`;

CREATE TABLE `a_vars` (
  `var_id` int(11) unsigned NOT NULL AUTO_INCREMENT,
  `var_name` varchar(255) NOT NULL,
  `var_inheritance` int(1) NOT NULL DEFAULT '0',
  `var_parent_value` int(1) NOT NULL DEFAULT '0',
  `concept_id` int(11) NOT NULL,
  `var_weight` float(3,2) NOT NULL DEFAULT '1.00',
  `time` timestamp NULL DEFAULT CURRENT_TIMESTAMP ON UPDATE CURRENT_TIMESTAMP,
  PRIMARY KEY (`var_id`),
  UNIQUE KEY `variable` (`var_name`,`concept_id`)
) ENGINE=MyISAM DEFAULT CHARSET=latin1;

LOCK TABLES `a_vars` WRITE;
/*!40000 ALTER TABLE `a_vars` DISABLE KEYS */;

INSERT INTO `a_vars` (`var_id`, `var_name`, `var_inheritance`, `var_parent_value`, `concept_id`, `var_weight`, `time`)
VALUES
	(1,'visited',1,0,1,1.00,'2014-07-25 11:52:32'),
	(2,'visit',1,0,1,1.00,'2014-07-25 11:52:44'),
	(3,'visited',1,0,2,1.00,'2014-07-25 11:52:50'),
	(4,'visit',1,0,2,1.00,'2014-07-25 11:52:56'),
	(5,'visited',0,0,3,1.00,'2014-07-25 11:52:57'),
	(6,'visit',0,0,3,1.00,'2014-07-25 11:52:57'),
	(7,'visit',0,0,5,1.00,'2014-07-25 20:51:49'),
	(8,'visited',1,1,5,1.00,'2014-07-25 20:52:56'),
	(9,'visited',0,0,6,1.00,'2014-07-25 20:54:21'),
	(10,'visit',0,0,6,1.00,'2014-07-25 20:54:21'),
	(11,'visited',0,0,7,1.00,'2014-07-28 10:58:00'),
	(12,'visit',0,0,7,1.00,'2014-07-28 10:58:00'),
	(13,'visited',0,0,8,1.00,'2014-07-28 12:29:40'),
	(14,'visit',0,0,8,1.00,'2014-07-28 12:29:40'),
	(15,'visited',0,0,10,1.00,'2014-07-28 19:30:25'),
	(16,'visit',0,0,10,1.00,'2014-07-28 19:30:25'),
	(17,'visited',0,0,11,1.00,'2014-07-28 20:16:22'),
	(18,'visit',0,0,11,1.00,'2014-07-28 20:16:22'),
	(19,'link',0,0,3,1.00,'2014-07-28 20:43:25'),
	(20,'linkName',0,0,3,1.00,'2014-07-28 21:05:20'),
	(21,'knowledge',1,0,12,1.00,NULL),
	(23,'knowledge',1,0,14,1.00,NULL),
	(24,'knowledge',1,0,16,1.00,'2014-07-31 08:24:19'),
	(25,'visited',0,0,19,1.00,'2014-07-29 15:25:25'),
	(26,'visit',0,0,19,1.00,'2014-07-29 15:25:25'),
	(27,'visited',0,0,20,1.00,'2014-07-29 15:26:16'),
	(28,'visit',0,0,20,1.00,'2014-07-29 15:26:16'),
	(29,'knowledge',1,1,15,1.00,'2014-07-29 15:39:25'),
	(30,'next',0,0,3,1.00,'2014-07-30 11:48:33'),
	(31,'nextLink',0,0,3,1.00,'2014-07-30 11:48:33'),
	(32,'next',0,0,29,1.00,'2014-07-30 11:50:49'),
	(33,'nextLink',0,0,29,1.00,'2014-07-30 11:50:49'),
	(34,'visited',0,0,29,1.00,'2014-07-30 11:50:49'),
	(35,'visit',0,0,29,1.00,'2014-07-30 11:50:49'),
	(36,'next',0,0,30,1.00,'2014-07-30 12:19:07'),
	(37,'nextLink',0,0,30,1.00,'2014-07-30 12:19:07'),
	(38,'next',0,0,31,1.00,'2014-07-30 12:22:36'),
	(39,'nextLink',0,0,31,1.00,'2014-07-30 12:22:36'),
	(40,'visited',0,0,31,1.00,'2014-07-30 12:22:36'),
	(41,'visit',0,0,31,1.00,'2014-07-30 12:22:36'),
	(42,'next',0,0,1,1.00,'2014-07-30 12:28:38'),
	(43,'nextLink',0,0,1,1.00,'2014-07-30 12:28:38'),
	(44,'knowledge',0,0,17,1.00,'2014-07-30 16:08:25'),
	(46,'next',0,0,17,1.00,'2014-07-30 21:07:21'),
	(47,'nextLink',0,0,17,1.00,'2014-07-30 21:07:28'),
	(48,'next',0,0,15,1.00,'2014-07-30 21:30:44'),
	(49,'nextLink',0,0,15,1.00,'2014-07-30 21:30:52'),
	(53,'order',1,1,17,1.00,'2014-07-30 23:30:59'),
	(52,'order',1,1,15,1.00,'2014-07-30 23:32:05'),
	(54,'order',1,0,12,1.00,'2014-07-30 21:59:09'),
	(55,'knowledge',0,0,35,1.00,'2014-07-31 08:38:22'),
	(56,'order',0,0,35,1.00,'2014-07-31 08:40:35'),
	(57,'next',0,0,35,1.00,'2014-07-31 08:41:23'),
	(58,'nextLink',0,0,35,1.00,'2014-07-31 08:41:28'),
	(59,'link',0,0,29,1.00,'2014-07-31 10:56:13'),
	(61,'linkName',0,0,29,1.00,'2014-07-31 13:31:26'),
	(62,'lya',0,0,10,1.00,'2014-09-05 10:50:57');

/*!40000 ALTER TABLE `a_vars` ENABLE KEYS */;
UNLOCK TABLES;


# Dump of table a_vars_values
# ------------------------------------------------------------

DROP TABLE IF EXISTS `a_vars_values`;

CREATE TABLE `a_vars_values` (
  `var_value_id` int(11) unsigned NOT NULL AUTO_INCREMENT,
  `var_id` int(11) NOT NULL,
  `session_id` varchar(40) NOT NULL DEFAULT '',
  `var_value` varchar(1000) NOT NULL,
  `global_weight` int(11) NOT NULL DEFAULT '1',
  `time` timestamp NOT NULL DEFAULT CURRENT_TIMESTAMP ON UPDATE CURRENT_TIMESTAMP,
  PRIMARY KEY (`var_value_id`),
  UNIQUE KEY `variable_value` (`var_id`,`session_id`)
) ENGINE=InnoDB DEFAULT CHARSET=latin1;

LOCK TABLES `a_vars_values` WRITE;
/*!40000 ALTER TABLE `a_vars_values` DISABLE KEYS */;

INSERT INTO `a_vars_values` (`var_value_id`, `var_id`, `session_id`, `var_value`, `global_weight`, `time`)
VALUES
	(1936,19,'0','page/home',1,'2014-09-05 11:06:32'),
	(1939,20,'0','15',1,'2014-09-05 10:58:35'),
	(2089,1,'0','2.5384615384615',13,'2014-07-30 17:54:20'),
	(2090,2,'0','0.76923076923077',13,'2014-07-30 17:54:21'),
	(2091,5,'0','3.4545454545454',11,'2014-07-30 17:54:21'),
	(2092,6,'0','1',11,'2014-07-30 17:54:21'),
	(2093,29,'0','0.55555555555556',9,'2014-07-30 17:54:21'),
	(2094,34,'0','1.3333333333333',6,'2014-07-30 17:40:40'),
	(2095,35,'0','1',6,'2014-07-30 17:40:40'),
	(2096,40,'0','1.4',5,'2014-07-30 17:40:40'),
	(2097,41,'0','1',5,'2014-07-30 17:40:40'),
	(2173,7,'0','1',2,'2014-07-30 16:02:57'),
	(2174,8,'0','2',2,'2014-07-30 16:02:57'),
	(2198,24,'0','6.4',5,'2014-07-30 17:54:21'),
	(2199,44,'0','0.4',5,'2014-07-30 17:54:21'),
	(2223,22,'0','0',1,'2014-07-30 16:38:29'),
	(2273,15,'0','6',1,'2014-07-30 17:54:21'),
	(2274,16,'0','1',1,'2014-07-30 17:54:21'),
	(2314,46,'0','CMS',1,'2014-07-30 21:07:46'),
	(2315,47,'0','page/cms',1,'2014-09-05 11:06:23'),
	(2326,49,'0','page/hook',1,'2014-09-05 11:06:26'),
	(2327,48,'0','Hook',1,'2014-07-30 21:31:41'),
	(2356,57,'0','Overview',1,'2014-07-31 08:42:50'),
	(2357,58,'0','page/overview',1,'2014-09-05 11:06:27'),
	(2516,61,'0','Hook Page',1,'2014-07-31 13:31:26'),
	(2871,56,'eh69vrq4t2hjrpa2pa13qo8r83','1',1,'2014-09-05 09:34:33'),
	(2872,52,'eh69vrq4t2hjrpa2pa13qo8r83','0.1',1,'2014-09-05 09:34:33'),
	(2873,53,'eh69vrq4t2hjrpa2pa13qo8r83','0.2',1,'2014-09-05 09:34:33'),
	(2874,5,'eh69vrq4t2hjrpa2pa13qo8r83','1',1,'2014-09-05 09:34:33'),
	(2875,6,'eh69vrq4t2hjrpa2pa13qo8r83','1',1,'2014-09-05 09:34:33'),
	(2876,29,'eh69vrq4t2hjrpa2pa13qo8r83','0',1,'2014-09-05 09:34:33'),
	(2877,44,'eh69vrq4t2hjrpa2pa13qo8r83','0',1,'2014-09-05 09:34:33'),
	(2878,56,'61ta4g5bhbp9qsne61u9fnne97','1',1,'2014-09-05 10:25:55'),
	(2879,52,'61ta4g5bhbp9qsne61u9fnne97','0.1',1,'2014-09-05 10:25:55'),
	(2880,53,'61ta4g5bhbp9qsne61u9fnne97','0.2',1,'2014-09-05 10:25:55'),
	(2881,5,'61ta4g5bhbp9qsne61u9fnne97','29',1,'2014-09-05 11:09:35'),
	(2882,6,'61ta4g5bhbp9qsne61u9fnne97','1',1,'2014-09-05 10:25:55'),
	(2883,29,'61ta4g5bhbp9qsne61u9fnne97','0',1,'2014-09-05 10:25:55'),
	(2884,44,'61ta4g5bhbp9qsne61u9fnne97','0',1,'2014-09-05 10:25:55'),
	(2885,15,'61ta4g5bhbp9qsne61u9fnne97','2',1,'2014-09-05 10:58:35'),
	(2886,16,'61ta4g5bhbp9qsne61u9fnne97','1',1,'2014-09-05 10:50:57'),
	(2887,62,'61ta4g5bhbp9qsne61u9fnne97','1',1,'2014-09-05 10:58:35'),
	(2888,34,'61ta4g5bhbp9qsne61u9fnne97','1',1,'2014-09-05 11:02:34'),
	(2889,35,'61ta4g5bhbp9qsne61u9fnne97','1',1,'2014-09-05 11:02:34'),
	(2890,13,'61ta4g5bhbp9qsne61u9fnne97','2',1,'2014-09-05 11:08:16'),
	(2891,14,'61ta4g5bhbp9qsne61u9fnne97','1',1,'2014-09-05 11:07:02'),
	(2892,11,'61ta4g5bhbp9qsne61u9fnne97','2',1,'2014-09-05 11:09:30'),
	(2893,12,'61ta4g5bhbp9qsne61u9fnne97','1',1,'2014-09-05 11:09:07');

/*!40000 ALTER TABLE `a_vars_values` ENABLE KEYS */;
UNLOCK TABLES;


# Dump of table acls
# ------------------------------------------------------------

DROP TABLE IF EXISTS `acls`;

CREATE TABLE `acls` (
  `id` int(11) NOT NULL,
  `acl_label` varchar(255) NOT NULL DEFAULT '',
  PRIMARY KEY (`id`)
) ENGINE=MyISAM DEFAULT CHARSET=latin1;

LOCK TABLES `acls` WRITE;
/*!40000 ALTER TABLE `acls` DISABLE KEYS */;

INSERT INTO `acls` (`id`, `acl_label`)
VALUES
	(0,'Public'),
	(1,'User'),
	(2,'Admins');

/*!40000 ALTER TABLE `acls` ENABLE KEYS */;
UNLOCK TABLES;


# Dump of table ci_sessions
# ------------------------------------------------------------

DROP TABLE IF EXISTS `ci_sessions`;

CREATE TABLE `ci_sessions` (
  `session_id` varchar(40) NOT NULL DEFAULT '0',
  `ip_address` varchar(45) NOT NULL DEFAULT '0',
  `user_agent` varchar(120) NOT NULL,
  `last_activity` int(10) unsigned NOT NULL DEFAULT '0',
  `user_data` text NOT NULL,
  PRIMARY KEY (`session_id`),
  KEY `last_activity_idx` (`last_activity`)
) ENGINE=MyISAM DEFAULT CHARSET=latin1;

LOCK TABLES `ci_sessions` WRITE;
/*!40000 ALTER TABLE `ci_sessions` DISABLE KEYS */;

INSERT INTO `ci_sessions` (`session_id`, `ip_address`, `user_agent`, `last_activity`, `user_data`)
VALUES
	('0722a63e94c4f3a2dfc6b43910e5b7a4','131.155.198.5','Mozilla/5.0 (Macintosh; Intel Mac OS X 10_9_3) AppleWebKit/537.36 (KHTML, like Gecko) Chrome/35.0.1916.153 Safari/537.36',1404373306,''),
	('6f49dbcd8c9f224cbe4d94c9b8eb60b1','131.155.198.5','Mozilla/5.0 (Macintosh; Intel Mac OS X 10_9_3) AppleWebKit/537.36 (KHTML, like Gecko) Chrome/35.0.1916.153 Safari/537.36',1404373306,'a:2:{s:9:\"user_data\";s:0:\"\";s:4:\"user\";a:6:{s:7:\"user_id\";s:1:\"1\";s:11:\"user_active\";s:1:\"1\";s:10:\"user_email\";s:14:\"sander@sb-a.nl\";s:8:\"user_acl\";s:1:\"2\";s:10:\"user_fname\";s:6:\"Sander\";s:10:\"user_lname\";s:7:\"Brouwer\";}}'),
	('395e99bc4f8dd79a2084d5fb5893b14a','69.174.245.163','ZmEu',1404405534,''),
	('6c1492897965e7f2edd49a51815d4d9d','69.174.245.163','ZmEu',1404405534,''),
	('de57c25086343276d998c21ed0471910','69.174.245.163','ZmEu',1404405535,''),
	('3c2561e9648c00d803d7a3948d2a027c','69.174.245.163','ZmEu',1404405535,''),
	('290327d33d7a5df38927a68454145830','69.174.245.163','ZmEu',1404405535,''),
	('38edd26348f2dd6606eba4664b5c7e9b','69.174.245.163','ZmEu',1404405535,''),
	('33cdb10e2d2551d978ce41264de5c3ef','69.174.245.163','ZmEu',1404405535,''),
	('4e4a541e6dd46f016b6d11b22736f41d','69.174.245.163','ZmEu',1404405535,''),
	('69e94f6934870f20c9722528c7295819','69.174.245.163','ZmEu',1404405536,''),
	('04f83a78aa5bcb473dcd21d282262804','69.174.245.163','ZmEu',1404405536,''),
	('d9b42c1a5f129b4b9aa98e367102d831','69.64.72.41','Mozilla/5.0 (Windows; U; Windows NT 5.1; en-US; rv:1.9.2.12) Gecko/20101026 Firefox/3.6.12',1404405827,''),
	('8c54d28ace1d636e0a5107f247d46349','69.64.72.41','Mozilla/5.0 (Windows; U; Windows NT 5.1; en-US; rv:1.9.2.12) Gecko/20101026 Firefox/3.6.12',1404405827,''),
	('d60887424e0d89f1c78556cd579a19e2','82.161.69.199','Mozilla/5.0 (Macintosh; Intel Mac OS X 10_9_3) AppleWebKit/537.36 (KHTML, like Gecko) Chrome/35.0.1916.153 Safari/537.36',1404479244,''),
	('c973843d39360cb335d19c883cff5569','82.161.69.199','Mozilla/5.0 (Macintosh; Intel Mac OS X 10_9_3) AppleWebKit/537.36 (KHTML, like Gecko) Chrome/35.0.1916.153 Safari/537.36',1404486831,''),
	('9a4f2d788628b893d545ba29142934e3','82.161.69.199','Mozilla/5.0 (Macintosh; Intel Mac OS X 10_9_3) AppleWebKit/537.36 (KHTML, like Gecko) Chrome/35.0.1916.153 Safari/537.36',1404907345,''),
	('78591b88ebd4b5f3240dbfe02d5d3257','82.221.105.7','0',1404511322,''),
	('b93e6cb63d33b4dfe87af8c54145100d','82.221.105.7','0',1404511322,''),
	('ff9d09d8cb5413c3d1b4221be47244cc','46.165.220.215','curl/7.15.5 (x86_64-redhat-linux-gnu) libcurl/7.15.5 OpenSSL/0.9.8b zlib/1.2.3 libidn/0.6.5',1404607707,''),
	('5ce20eb48201f2b56f13ac4c4a49872c','46.165.220.215','curl/7.15.5 (x86_64-redhat-linux-gnu) libcurl/7.15.5 OpenSSL/0.9.8b zlib/1.2.3 libidn/0.6.5',1404607707,''),
	('1cc78ac90bbd061d6084fc33652c8d56','193.108.160.213','0',1404671943,''),
	('b50531a5a40699c971a145f84434bf47','193.108.160.213','0',1404671943,''),
	('e8de60eff1d0e7a70587034430095ec1','91.232.96.68','ZmEu',1404711351,''),
	('e7470f90d6ec1119368eee4d008a4a72','91.232.96.68','ZmEu',1404711351,''),
	('9502135e5c6d1e9f4e11bbbb08836b10','91.232.96.68','ZmEu',1404711351,''),
	('3a8ad2f9714e5c5eb87ff26fd559f9d1','91.232.96.68','ZmEu',1404711351,''),
	('b617e125b30854345f3aa702eb0b4921','91.232.96.68','ZmEu',1404711351,''),
	('70be958cdd1494c83b067177d786cd6d','91.232.96.68','ZmEu',1404711351,''),
	('109d37b0ca23546cb5052750f31e74c6','91.232.96.68','ZmEu',1404711351,''),
	('94b3f6b5f52e29a7efa8e9029bbfc663','91.232.96.68','ZmEu',1404711351,''),
	('0ce985357beb1924b9335967cd88018c','91.232.96.68','ZmEu',1404711351,''),
	('5969e71fe7cd6c075b4e9199ebcf7dbf','91.232.96.68','ZmEu',1404711351,''),
	('9be464182c948fde33098f9952b5ebfb','115.29.237.81','Mozilla/5.0 (Windows NT 5.1; rv:5.0) Gecko/20100101 Firefox/5.0',1404756189,''),
	('e74f45d9fdd4e1b612ad76730e2553dc','115.29.237.81','Mozilla/5.0 (Windows NT 5.1; rv:5.0) Gecko/20100101 Firefox/5.0',1404756189,''),
	('2524f98ea6dc7466191310db1276aafa','122.226.223.69','Mozilla/4.0 (compatible; MSIE 7.0; Windows NT 6.1; WOW64; Trident/6.0; SLCC2; .NET CLR 2.0.50727; .NET CLR 3.5.30729; .N',1404808053,''),
	('da4dbbe2bebad1f86744cfcebc004491','122.226.223.69','Mozilla/4.0 (compatible; MSIE 7.0; Windows NT 6.1; WOW64; Trident/6.0; SLCC2; .NET CLR 2.0.50727; .NET CLR 3.5.30729; .N',1404808053,''),
	('d55fa353a2f50db389f3072e2e1c8219','82.161.69.199','Mozilla/5.0 (Macintosh; Intel Mac OS X 10_9_4) AppleWebKit/537.77.4 (KHTML, like Gecko) Version/1.0 Safari/1',1404818236,''),
	('fa621be45b82c30f6a3782c728e36b61','82.161.69.199','Mozilla/5.0 (Macintosh; Intel Mac OS X 10_9_4) AppleWebKit/537.77.4 (KHTML, like Gecko) Version/1.0 Safari/1',1405088923,''),
	('021a7a89e3703240552ce4cb6357d0e9','54.76.123.23','Mozilla/4.0 (compatible; MSIE 6.0; Windows NT 5.1; SV1; InfoPath.2)',1404844059,''),
	('a927c5734b8eb08e2a02f8b9c6c3b76a','54.76.123.23','Mozilla/4.0 (compatible; MSIE 6.0; Windows NT 5.1; SV1; InfoPath.2)',1404844059,''),
	('354ac45f7b181d26313efa8ef0976165','82.161.69.199','Mozilla/5.0 (Macintosh; Intel Mac OS X 10_9_4) AppleWebKit/537.36 (KHTML, like Gecko) Chrome/35.0.1916.153 Safari/537.36',1404922133,''),
	('0005d87b0821950081a415da4bbb29c6','82.161.69.199','Mozilla/5.0 (Macintosh; Intel Mac OS X 10_9_4) AppleWebKit/537.36 (KHTML, like Gecko) Chrome/35.0.1916.153 Safari/537.36',1404922133,''),
	('b9f53bafad7e78bd5956cdde24ca1f8f','222.190.118.224','0',1404944185,''),
	('26e152d7c308f44a5ca1e36373148b78','222.190.118.224','0',1404944185,''),
	('c6667e916ea1bf68dcd3cd73809ce480','83.160.149.24','Mozilla/5.0 (Macintosh; Intel Mac OS X 10_9_4) AppleWebKit/537.36 (KHTML, like Gecko) Chrome/35.0.1916.153 Safari/537.36',1404978360,''),
	('c2ae1fa31bfe539bc327f6d129ef35a6','83.160.149.24','Mozilla/5.0 (Macintosh; Intel Mac OS X 10_9_4) AppleWebKit/537.36 (KHTML, like Gecko) Chrome/35.0.1916.153 Safari/537.36',1405072144,''),
	('64733f962d371ace461ef5d4238c9444','83.160.149.24','Mozilla/5.0 (Macintosh; Intel Mac OS X 10_9_4) AppleWebKit/537.36 (KHTML, like Gecko) Chrome/35.0.1916.153 Safari/537.36',1404982154,''),
	('dc3d19cec748e54b5d9d9b615e79b4d4','83.160.149.24','Mozilla/5.0 (Macintosh; Intel Mac OS X 10_9_4) AppleWebKit/537.36 (KHTML, like Gecko) Chrome/35.0.1916.153 Safari/537.36',1404992368,''),
	('7d04aa386c3c1b977d5e4ac705181e62','83.160.149.24','Mozilla/5.0 (Macintosh; Intel Mac OS X 10_9_4) AppleWebKit/537.36 (KHTML, like Gecko) Chrome/35.0.1916.153 Safari/537.36',1405000635,''),
	('23247c2a1188a4eb46c2f34658eea8dd','83.160.149.24','Mozilla/5.0 (Macintosh; Intel Mac OS X 10_9_4) AppleWebKit/537.36 (KHTML, like Gecko) Chrome/35.0.1916.153 Safari/537.36',1405000635,''),
	('221dc44deb8f6e98891fea57bab9b6a5','80.57.191.103','Mozilla/5.0 (Macintosh; Intel Mac OS X 10_9_4) AppleWebKit/537.36 (KHTML, like Gecko) Chrome/35.0.1916.153 Safari/537.36',1405009320,''),
	('5897acda2cd7bf8f5b8d0dd2f2f74d8c','80.57.191.103','Mozilla/5.0 (Macintosh; Intel Mac OS X 10_9_4) AppleWebKit/537.36 (KHTML, like Gecko) Chrome/35.0.1916.153 Safari/537.36',1405009320,''),
	('3129c323825c918738b0ed7e696ff8f9','83.160.149.24','Mozilla/5.0 (Macintosh; Intel Mac OS X 10_9_4) AppleWebKit/537.36 (KHTML, like Gecko) Chrome/35.0.1916.153 Safari/537.36',1405017986,''),
	('68d56f5aace27b1485f1b417febed393','83.160.149.24','Mozilla/5.0 (Macintosh; Intel Mac OS X 10_9_4) AppleWebKit/537.36 (KHTML, like Gecko) Chrome/35.0.1916.153 Safari/537.36',1405017986,''),
	('8ffa8b88e2abd4316fe4e27cac46c229','54.209.176.67','0',1405020628,''),
	('30680b0364838acdb505f0fc530f6e8c','54.209.176.67','0',1405020628,''),
	('b1377193f2fe53a6a43c112141c1b079','212.130.183.3','0',1405026210,''),
	('b9e3057f85cb079f1397a766fc639e6d','212.130.183.3','0',1405026210,''),
	('f2d50efa6e11215e350cc6aa86e1f92c','185.4.67.202','Mozilla/5.0 (X11; Linux x86_64) AppleWebKit/537.1 (KHTML, like Gecko) Chrome/21.0.1180.77 Safari/537.1',1405049114,''),
	('85ddf174c1beb5c2a859be79c5fe7ec0','185.4.67.202','Mozilla/5.0 (X11; Linux x86_64) AppleWebKit/537.1 (KHTML, like Gecko) Chrome/21.0.1180.77 Safari/537.1',1405049114,''),
	('0d17dcf6f283592e40689d8d4341c73b','83.160.149.24','Mozilla/5.0 (Macintosh; Intel Mac OS X 10_9_4) AppleWebKit/537.36 (KHTML, like Gecko) Chrome/35.0.1916.153 Safari/537.36',1405262819,''),
	('d1e399609ef305b30431b66ddf5ae22b','82.161.69.199','Mozilla/5.0 (Macintosh; Intel Mac OS X 10_9_4) AppleWebKit/537.36 (KHTML, like Gecko) Chrome/35.0.1916.153 Safari/537.36',1405075974,''),
	('a505b0f69cf59deba8c62702886fee81','82.161.69.199','Mozilla/5.0 (Macintosh; Intel Mac OS X 10_9_4) AppleWebKit/537.36 (KHTML, like Gecko) Chrome/35.0.1916.153 Safari/537.36',1405083276,''),
	('99ae5a0a6675997709b195d04c72c943','82.161.69.199','Mozilla/5.0 (Macintosh; Intel Mac OS X 10_9_4) AppleWebKit/537.36 (KHTML, like Gecko) Chrome/35.0.1916.153 Safari/537.36',1405092328,'a:2:{s:9:\"user_data\";s:0:\"\";s:4:\"user\";a:6:{s:7:\"user_id\";s:1:\"1\";s:11:\"user_active\";s:1:\"1\";s:10:\"user_email\";s:14:\"sander@sb-a.nl\";s:8:\"user_acl\";s:1:\"2\";s:10:\"user_fname\";s:6:\"Sander\";s:10:\"user_lname\";s:7:\"Brouwer\";}}'),
	('0477309c61a9a6a6434971d615ea604b','82.161.69.199','Mozilla/5.0 (Macintosh; Intel Mac OS X 10_9_4) AppleWebKit/537.77.4 (KHTML, like Gecko) Version/7.0.5 Safari/537.77.4',1405088923,'a:2:{s:9:\"user_data\";s:0:\"\";s:4:\"user\";a:6:{s:7:\"user_id\";s:1:\"1\";s:11:\"user_active\";s:1:\"1\";s:10:\"user_email\";s:14:\"sander@sb-a.nl\";s:8:\"user_acl\";s:1:\"2\";s:10:\"user_fname\";s:6:\"Sander\";s:10:\"user_lname\";s:7:\"Brouwer\";}}'),
	('366f975a3c6572a472530031082830c5','82.161.69.199','Mozilla/5.0 (Macintosh; Intel Mac OS X 10_9_4) AppleWebKit/537.36 (KHTML, like Gecko) Chrome/35.0.1916.153 Safari/537.36',1405092328,'a:2:{s:9:\"user_data\";s:0:\"\";s:4:\"user\";a:6:{s:7:\"user_id\";s:1:\"1\";s:11:\"user_active\";s:1:\"1\";s:10:\"user_email\";s:14:\"sander@sb-a.nl\";s:8:\"user_acl\";s:1:\"2\";s:10:\"user_fname\";s:6:\"Sander\";s:10:\"user_lname\";s:7:\"Brouwer\";}}'),
	('b9a33cb0cee03596a9b812d660a36321','182.92.130.125','Mozilla/5.0 (Windows NT 5.1; rv:5.0) Gecko/20100101 Firefox/5.0',1405097650,''),
	('96b6f8fd67b4d46c77b781e31e4dc171','182.92.130.125','Mozilla/5.0 (Windows NT 5.1; rv:5.0) Gecko/20100101 Firefox/5.0',1405097650,''),
	('af61323ec9d03e49ee0c4eb1b4f26726','95.111.68.120','ZmEu',1405107930,''),
	('047070a1c0003d84b02991d641d5ecaf','95.111.68.120','ZmEu',1405107930,''),
	('1895503c6cf28594ab0ad7bab807a563','95.111.68.120','ZmEu',1405107930,''),
	('447b8aceda598f2f78384e65a2db0213','95.111.68.120','ZmEu',1405107930,''),
	('46c5b77d84204d29dd4fa0d76ed36e37','95.111.68.120','ZmEu',1405107930,''),
	('6b97d449537bde2822cb529202a5ffc7','95.111.68.120','ZmEu',1405107930,''),
	('8c5ee006626a27488439bac1c4a6dded','95.111.68.120','ZmEu',1405107930,''),
	('824dd36853dcbe2a4e22bbd0fd4f7245','95.111.68.120','ZmEu',1405107930,''),
	('bf2cbf29757aacd17bfed669814eb64c','95.111.68.120','ZmEu',1405107930,''),
	('df63938311b32d10adc9e441eb1f677e','95.111.68.120','ZmEu',1405107930,''),
	('dfd7f6570023d5ce8c213ab9ee51bd3c','173.242.116.246','0',1405131625,''),
	('b03f3601c1ca0bdb3c685ae507f05b0b','173.242.116.246','0',1405131625,''),
	('0bc8214de5482f7de913866c30bd7cee','173.242.116.246','0',1405131626,''),
	('ec9563dc2d7a203c257639fd23372d99','173.242.116.246','0',1405131626,''),
	('bc63b04e8bcf0b9a6e2d48fdcd1e4be8','173.242.116.246','0',1405131626,''),
	('7c8e5e3a77d62c404b409f8c3e295485','173.242.116.246','0',1405131626,''),
	('12f66f7d06bfeb1d62300fc8a65fd451','173.242.116.246','0',1405131626,''),
	('c40a75d37053b9cca7658d084e1a839c','173.242.116.246','0',1405131627,''),
	('81ea1751b4831f71e559570f38b0abb1','173.242.116.246','0',1405131627,''),
	('f971be206f3687e6987272c7b2adebfa','173.242.116.246','0',1405131627,''),
	('1cba71ab22133176dfee0424d82b6acb','173.242.116.246','0',1405131627,''),
	('c38536dff5e1d11b6c635bd123427af3','173.242.116.246','0',1405131627,''),
	('5415a73464ccde12c0d4a1d9735b113d','173.242.116.246','0',1405131627,''),
	('85ef169988e3ae58e4b14fcb663aa631','173.242.116.246','0',1405131627,''),
	('a39f089acb626841baa9c8ce604bad11','173.242.116.246','0',1405131627,''),
	('a5b1f399c944b3ef4e2a5d6c21c8bb98','173.242.116.246','0',1405131627,''),
	('f2783725fa9f9fa27460e9abc23c03bf','173.242.116.246','0',1405131628,''),
	('e80ed7304dd1ab953a25cde780772264','173.242.116.246','0',1405131628,''),
	('b00fa090b7159a298253d3194d6e0a07','173.242.116.246','0',1405131628,''),
	('4317cbe6d4880faaddd279fc3ed12987','173.242.116.246','0',1405131628,''),
	('956d7fcc0c23bc56cf779655570a8e59','173.242.116.246','0',1405131628,''),
	('2abb90651e8c527b2b8240254e10c41f','173.242.116.246','0',1405131628,''),
	('1aa022b6cf493c44f849541d5c480d11','173.242.116.246','0',1405131628,''),
	('5451c31e0913563ec8a18106c26835c6','173.242.116.246','0',1405131628,''),
	('1a3342eedc7846d93e2f3b27efca7306','173.242.116.246','0',1405131628,''),
	('f322c4755d1d3c49bc47a878f53a6e18','173.242.116.246','0',1405131629,''),
	('55c7bd169d52a38bdc120ba527f5415a','173.242.116.246','0',1405131629,''),
	('ce204366db5cff1f8f4ad17f73cf5b16','173.242.116.246','0',1405131629,''),
	('6773cda0cf5fd97a31928afbfc079be3','173.242.116.246','0',1405131629,''),
	('99db1330ed9255e9a3a318e4c6bd058c','173.242.116.246','0',1405131629,''),
	('28804375cbf3ce6363b8c787220ef75d','173.242.116.246','0',1405131629,''),
	('f256488959cf7bd63a8272f17aadd004','173.242.116.246','0',1405131629,''),
	('60112a676da35415617771cd8778072c','173.242.116.246','0',1405131629,''),
	('18fb10eb51050223e8c4aeb32febfa57','173.242.116.246','0',1405131630,''),
	('8b8d8c6d27eb45cf4520529381d85ba2','173.242.116.246','0',1405131630,''),
	('45549c4e6ed906d48be813c386307ecc','173.242.116.246','0',1405131630,''),
	('b33f69f179491dba86f1c315483a7f25','173.242.116.246','0',1405131630,''),
	('0c268abb78cfebdc321ff70f51e1c6c7','173.242.116.246','0',1405131630,''),
	('809cc8c1bea902aef351e3c87efb0f6b','173.242.116.246','0',1405131630,''),
	('f87ca2831d4b70439d697c11b5bf8972','173.242.116.246','0',1405131630,''),
	('b341b868c48969452903d28947efb2dc','173.242.116.246','0',1405131630,''),
	('6ae1c63a1977a5fd2f5055115ce7a803','173.242.116.246','0',1405131631,''),
	('036192d39e252ba77d45834410b8302b','173.242.116.246','0',1405131631,''),
	('98485a42ed87b01ea03bd1ee7bda592f','173.242.116.246','0',1405131631,''),
	('8419da2d6c213b0544c54c64462cbe8d','173.242.116.246','0',1405131631,''),
	('28b8c4574cc82e2689b683af8f40d3a1','173.242.116.246','0',1405131631,''),
	('c95d02d22235033f6051efaf53339cfb','173.242.116.246','0',1405131631,''),
	('e1a70acea11b12d5e08188898d71b38e','173.242.116.246','0',1405131631,''),
	('69b62467043936d1d4ab2fb63f45033a','173.242.116.246','0',1405131631,''),
	('174b21fbf965289b637bc3fb4b0a2ed5','173.242.116.246','0',1405131632,''),
	('b77a34ac4327065d709a04dc2ce873cb','173.242.116.246','0',1405131632,''),
	('dd3c27ccea93f443af16db77eb69e665','173.242.116.246','0',1405131632,''),
	('84233e3a285103f745784c63753c80b7','173.242.116.246','0',1405131632,''),
	('6bc2d190fc3cab5fcbcb5544106a3d68','173.242.116.246','0',1405131632,''),
	('272cb1ee86c762d3c213580eb21ced64','173.242.116.246','0',1405131632,''),
	('8c1bae6e786b374365560f9ae6524c2c','173.242.116.246','0',1405131632,''),
	('2aec2cd470ee608131615a83b556538e','173.242.116.246','0',1405131632,''),
	('03a928d11137d071e316239750610bd8','173.242.116.246','0',1405131632,''),
	('22080674a25b7d32b81713769f27a84c','173.242.116.246','0',1405131632,''),
	('90f2a6d6251fa3cfb5351bec1c60efa7','173.242.116.246','0',1405131633,''),
	('f1a797412abb1d63bdbdeab05696b05a','173.242.116.246','0',1405131633,''),
	('025ee300c13ecaebb3f3c390a2a93a4d','173.242.116.246','0',1405131633,''),
	('611c9c18b170e101e2322bf333382230','173.242.116.246','0',1405131633,''),
	('16c703947dc322e37c5402fb0cce84b0','173.242.116.246','0',1405131633,''),
	('ad970ebbaa61fa58a2e6ebc3c3e561fb','173.242.116.246','0',1405131633,''),
	('b0de870448ec59e00405f5790c3f1646','173.242.116.246','0',1405131633,''),
	('16981b02b3f3627f77c5e48f035e2d55','173.242.116.246','0',1405131633,''),
	('d7f3ebadb25910f4283412b66f305a3f','173.242.116.246','0',1405131634,''),
	('1fbd4426d5ed650150c35fa05ad4a670','173.242.116.246','0',1405131634,''),
	('fcb4a7b8db60987dcd932d7fc9ce26da','173.242.116.246','0',1405131634,''),
	('3ed17475c94bd07acb12c0ef409cad9a','173.242.116.246','0',1405131634,''),
	('c0d166380b294d3399780bbce8946c79','173.242.116.246','0',1405131634,''),
	('13a155b36fefac9e8f866ef944d3af2d','173.242.116.246','0',1405131634,''),
	('71a11a8b3c484b4c268d3b9bc6e10688','173.242.116.246','0',1405131634,''),
	('38c545cb412fd1a23403a27920bb6dd8','173.242.116.246','0',1405131634,''),
	('8df8d9037c3b1b3d39a1f429b21c6656','173.242.116.246','0',1405131635,''),
	('ea5f9ae5b16ae52fb7a1bad6989455ce','173.242.116.246','0',1405131635,''),
	('74da862698b3f6c27bf68fbee869fc46','173.242.116.246','0',1405131635,''),
	('12132cc2d2e9f751397dbc335241d478','173.242.116.246','0',1405131635,''),
	('6dbe6e6c4c19b1a5f00e7dd1f8805a83','173.242.116.246','0',1405131635,''),
	('0739a091fc31c83dbaa9efb8a42299b4','173.242.116.246','0',1405131635,''),
	('ec9376aa8da5135b35d8d32a1e1c59dd','173.242.116.246','0',1405131635,''),
	('9a274956041e32e8598b58b28901e2df','173.242.116.246','0',1405131635,''),
	('a739ed0283f0a389e0bd23dfa6142b32','173.242.116.246','0',1405131635,''),
	('85f50d591e95122a1f6378fbe824ee0f','173.242.116.246','0',1405131635,''),
	('4e950185f4cf7eb329fd288f95f9f7a5','173.242.116.246','0',1405131636,''),
	('a38517bf72fe0383030af8bf74198b58','173.242.116.246','0',1405131636,''),
	('4bd8c5aef2eb020b26a65eefc7fab513','173.242.116.246','0',1405131636,''),
	('f409ca950d4d6b0423ed63a10367f052','173.242.116.246','0',1405131636,''),
	('3a703d6122a7b73611ab793050724907','173.242.116.246','0',1405131636,''),
	('4eaa53f14b595b52d811683e2d667a07','173.242.116.246','0',1405131637,''),
	('520c3458113f1e5a5daca138a9ac3162','173.242.116.246','0',1405131637,''),
	('7c63bd4f87a0d437a031a286cab5e31e','173.242.116.246','0',1405131637,''),
	('7f2fd8612913c29704ff770a71d856f6','173.242.116.246','0',1405131637,''),
	('a755d6ff98f7e8a757eecf4d9da106df','173.242.116.246','0',1405131637,''),
	('4eb462c50e5347b5558c4137925e9533','173.242.116.246','0',1405131637,''),
	('9d38a0f0ea12d9aa9010107883f390b9','173.242.116.246','0',1405131637,''),
	('935a7ee821c03f948e3ca91255c0cffc','173.242.116.246','0',1405131637,''),
	('0019e2f005015835b58a9423fd677fa9','173.242.116.246','0',1405131637,''),
	('a43d36a1a2e440be5aaa52af69c4f1a3','173.242.116.246','0',1405131638,''),
	('6d0a3e41f12a981f24f7171d32ef2039','173.242.116.246','0',1405131638,''),
	('d22d083d0c46392039268b279822efc8','173.242.116.246','0',1405131638,''),
	('add3079eef92d3702d27f7e49e3fafcf','173.242.116.246','0',1405131638,''),
	('95d6e88a491f04c29769ae6f2e6c9a8e','173.242.116.246','0',1405131638,''),
	('20d91aac99dac2b1c440ede4eb236a68','173.242.116.246','0',1405131638,''),
	('5d62e4d60f462d3f981798cb61757f94','173.242.116.246','0',1405131638,''),
	('0dd18dc56e07191db7eee2d37204c4e6','173.242.116.246','0',1405131638,''),
	('67ddbb1727e4acb08b646311623a68fc','173.242.116.246','0',1405131639,''),
	('4cc60a5adce21caeda235b09e62d6623','173.242.116.246','0',1405131639,''),
	('4700bff7cd4cd193946e162e08ac3d64','173.242.116.246','0',1405131639,''),
	('ff5e0e062b7400d9e7508aac5de399ed','173.242.116.246','0',1405131639,''),
	('04ae94e9371af7018342974bc8e5341c','173.242.116.246','0',1405131639,''),
	('3652d16cc0f3614cd0a484118aab3b65','173.242.116.246','0',1405131639,''),
	('fdfdf6db7cd83e1707c43fd8f6b4986c','173.242.116.246','0',1405131639,''),
	('1b2122ea7d4ba285f688fc9ba4cda593','173.242.116.246','0',1405131639,''),
	('fde94047d2a3fc6ffd76d64432f7f613','173.242.116.246','0',1405131640,''),
	('591c005b5b294e657dbde0ee6975baa8','173.242.116.246','0',1405131640,''),
	('6c389cdfca753875eb202d7a1dcaf3bc','173.242.116.246','0',1405131640,''),
	('879d09a125e5f4b9c3ab8381d83cb6ec','173.242.116.246','0',1405131640,''),
	('6411b43cac16d9f45d8b2840b5b951e5','173.242.116.246','0',1405131640,''),
	('f1363292452f49b7450abbc36b61d564','173.242.116.246','0',1405131640,''),
	('0a15265d1b2cc9597b98e25ba37daad3','173.242.116.246','0',1405131640,''),
	('661e1b197b87db070b58e73f5012a768','173.242.116.246','0',1405131640,''),
	('fce6bbc4f675dcf4ed0de5e087f0967c','173.242.116.246','0',1405131640,''),
	('e11d1ae7847f2f35fa0209d4076ab4d2','173.242.116.246','0',1405131640,''),
	('85acc6b1eaa1efe882fc275eb66badae','173.242.116.246','0',1405131641,''),
	('7372aab3871d9e650e9bf7907635417e','173.242.116.246','0',1405131641,''),
	('699970c1a5614a73b7e0cb0d6d3bfd8a','173.242.116.246','0',1405131641,''),
	('cc3a667eccda26c17eddc4610a8b5056','173.242.116.246','0',1405131641,''),
	('e494c3bb96492154d372382dedbd4966','173.242.116.246','0',1405131641,''),
	('daeef7ef20e6c6d94f7116ffb72939ac','173.242.116.246','0',1405131641,''),
	('4c5248667f707458b33539bb370beab1','173.242.116.246','0',1405131641,''),
	('8052ccd343b6bf8e201e1e0656fcefc3','173.242.116.246','0',1405131641,''),
	('e95aa3046e6d91052d2cd7db0cfc7c98','173.242.116.246','0',1405131642,''),
	('3566700ead3fe8a7aadc12b1fbb9702b','173.242.116.246','0',1405131642,''),
	('da38dc73db60221029b6db96de2cc796','173.242.116.246','0',1405131642,''),
	('2404c796a9460a5bc173dec9c4a04dd4','173.242.116.246','0',1405131642,''),
	('a4fdcf616e40df7a00085e953cdddc75','173.242.116.246','0',1405131642,''),
	('7bfbd79f909dd152b1e2d8dbcb76209e','173.242.116.246','0',1405131642,''),
	('418c64cf3ecf0026d58704c648d54312','173.242.116.246','0',1405131642,''),
	('25db3a8c6fe49fc6d4ae1da03fd981fe','173.242.116.246','0',1405131642,''),
	('a949376f7fc12f3a511a7720839dd4a2','173.242.116.246','0',1405131643,''),
	('e6f8768fbfb2e456b8fc12786cc537a9','173.242.116.246','0',1405131643,''),
	('c09499027c6ab1a97a5c6f5570a1dc97','173.242.116.246','0',1405131643,''),
	('8aafa351e9ffba9b26868e41e22b7ae9','173.242.116.246','0',1405131643,''),
	('9fdae262970a6ef65bea3816cabe70c4','173.242.116.246','0',1405131643,''),
	('c753dfdd219a5e2c4abe01fb7735c836','173.242.116.246','0',1405131643,''),
	('7a5ca8b0a979e95602855517bcbe37fc','173.242.116.246','0',1405131643,''),
	('6fb9d2324f1ab25c621fc64d5b6c3d23','173.242.116.246','0',1405131643,''),
	('d7af45f4388e75818ccd8017ce179aaa','173.242.116.246','0',1405131644,''),
	('e7416d332636b8264773bd5f2aaa2ac9','173.242.116.246','0',1405131644,''),
	('8ae9b959b3a5fa7bf85da1084d6c8364','173.242.116.246','0',1405131644,''),
	('383ac0642d501f4876c71dc8e1de4a13','173.242.116.246','0',1405131644,''),
	('6f950c6fcbc5ee1199d57e12b59e822f','173.242.116.246','0',1405131644,''),
	('ee25af1735a7eaab8f53b4680c98ee08','173.242.116.246','0',1405131644,''),
	('7ad057e84f9ba865525464b260096cac','173.242.116.246','0',1405131644,''),
	('e7148ada0ee96b491f33787608de9ba1','173.242.116.246','0',1405131644,''),
	('d892ba92ff8597b9730a6f93207820d0','173.242.116.246','0',1405131645,''),
	('c8c1558703af832d35d35e9dce2b73fe','173.242.116.246','0',1405131645,''),
	('aad4d5de43791a6177a4479466301ea0','173.242.116.246','0',1405131645,''),
	('4a087f43398907b99d52aace6a2e813f','173.242.116.246','0',1405131645,''),
	('ddd46742ca385d9e29e6b3931672e549','173.242.116.246','0',1405131645,''),
	('62d8be766b4800da20d88b32e790d2c2','173.242.116.246','0',1405131645,''),
	('472e4c88d00bfb306defd237e74e5cf9','173.242.116.246','0',1405131645,''),
	('c2cc3121ef90fcbc463523f3f2c3ad21','173.242.116.246','0',1405131645,''),
	('53d5c2dff700093605468d546c9bbc14','65.207.23.201','Morfeus Fucking Scanner',1405135391,''),
	('abd3f7f4d75648e1c84b898d5e7531a7','65.207.23.201','Morfeus Fucking Scanner',1405135391,''),
	('b4a0d5a3339d249b47d0dc662e001783','65.207.23.201','Morfeus Fucking Scanner',1405135391,''),
	('2f3abf7188ad7742753c735292598114','66.240.236.119','0',1405143194,''),
	('5de9a3f714bf27b07aaeb0007197b222','66.240.236.119','0',1405143194,''),
	('eb7444cf80f5dbe740b6bca5f96565b4','83.160.149.24','Mozilla/5.0 (Macintosh; Intel Mac OS X 10_9_4) AppleWebKit/537.36 (KHTML, like Gecko) Chrome/35.0.1916.153 Safari/537.36',1405147624,''),
	('1a60088a5e4748887253fcffbc96c42a','83.160.149.24','Mozilla/5.0 (Macintosh; Intel Mac OS X 10_9_4) AppleWebKit/537.36 (KHTML, like Gecko) Chrome/35.0.1916.153 Safari/537.36',1405147624,''),
	('58fbac54fe9d63eb0b7ee485c43b2a64','83.160.149.24','Mozilla/5.0 (Macintosh; Intel Mac OS X 10_9_4) AppleWebKit/537.36 (KHTML, like Gecko) Chrome/35.0.1916.153 Safari/537.36',1405147624,''),
	('a5c7b9a8478706c1eebc46764e275c0b','83.160.149.24','Mozilla/5.0 (Macintosh; Intel Mac OS X 10_9_4) AppleWebKit/537.36 (KHTML, like Gecko) Chrome/35.0.1916.153 Safari/537.36',1405147624,''),
	('754d4f7903c46bef90951c6e03acf4f0','83.160.149.24','Mozilla/5.0 (Macintosh; Intel Mac OS X 10_9_4) AppleWebKit/537.36 (KHTML, like Gecko) Chrome/35.0.1916.153 Safari/537.36',1405147624,''),
	('8e00efd0e9feea0f3356d500065c47a9','83.160.149.24','Mozilla/5.0 (Macintosh; Intel Mac OS X 10_9_4) AppleWebKit/537.36 (KHTML, like Gecko) Chrome/35.0.1916.153 Safari/537.36',1405155028,'a:2:{s:9:\"user_data\";s:0:\"\";s:4:\"user\";a:6:{s:7:\"user_id\";s:1:\"1\";s:11:\"user_active\";s:1:\"1\";s:10:\"user_email\";s:14:\"sander@sb-a.nl\";s:8:\"user_acl\";s:1:\"2\";s:10:\"user_fname\";s:6:\"Sander\";s:10:\"user_lname\";s:7:\"Brouwer\";}}'),
	('69b3cf4a259110361e50ae978a605bd8','192.155.82.223','masscan/1.0 (https://github.com/robertdavidgraham/masscan)',1405152511,''),
	('9a564b9922af305d854036eea6c9b050','192.155.82.223','masscan/1.0 (https://github.com/robertdavidgraham/masscan)',1405152511,''),
	('be3b402240463efec766c6d7577a45d3','83.160.149.24','Mozilla/5.0 (Macintosh; Intel Mac OS X 10_9_4) AppleWebKit/537.36 (KHTML, like Gecko) Chrome/35.0.1916.153 Safari/537.36',1405162609,'a:2:{s:9:\"user_data\";s:0:\"\";s:4:\"user\";a:6:{s:7:\"user_id\";s:1:\"1\";s:11:\"user_active\";s:1:\"1\";s:10:\"user_email\";s:14:\"sander@sb-a.nl\";s:8:\"user_acl\";s:1:\"2\";s:10:\"user_fname\";s:6:\"Sander\";s:10:\"user_lname\";s:7:\"Brouwer\";}}'),
	('2822b2c6f94dc1f3971418858434af63','2.228.80.61','0',1405155102,''),
	('e64f355bb2fb18d0bc59535574305c2c','2.228.80.61','0',1405155102,''),
	('3dce3f66c2a63dd3bf8a5468f7993b9b','83.160.149.24','Mozilla/5.0 (Macintosh; Intel Mac OS X 10_9_4) AppleWebKit/537.36 (KHTML, like Gecko) Chrome/35.0.1916.153 Safari/537.36',1405162609,'a:2:{s:9:\"user_data\";s:0:\"\";s:4:\"user\";a:6:{s:7:\"user_id\";s:1:\"1\";s:11:\"user_active\";s:1:\"1\";s:10:\"user_email\";s:14:\"sander@sb-a.nl\";s:8:\"user_acl\";s:1:\"2\";s:10:\"user_fname\";s:6:\"Sander\";s:10:\"user_lname\";s:7:\"Brouwer\";}}'),
	('34a73143d9977342bb3fe43bbd8d4287','95.111.68.120','ZmEu',1405168102,''),
	('1ab7d3e228a966fe131e077e8650446f','95.111.68.120','ZmEu',1405168102,''),
	('0ae51844dcf80a2ca560308178eddd3e','95.111.68.120','ZmEu',1405168102,''),
	('57a2f147ebbedb27738815f090caffd5','95.111.68.120','ZmEu',1405168102,''),
	('09cd34513c9f76e9446c63125ac7bbbf','95.111.68.120','ZmEu',1405168102,''),
	('77253fbb23ba5700c9b9f362b127499f','95.111.68.120','ZmEu',1405168102,''),
	('ad8ed6c4ceec1c9b1f8aedbb17421057','95.111.68.120','ZmEu',1405168103,''),
	('c08485d20bad4d23f076fd98c8b71f9c','95.111.68.120','ZmEu',1405168103,''),
	('16e788ed677aa53ee26175678ae37597','95.111.68.120','ZmEu',1405168103,''),
	('a8a4c4363dc141f3c056954bb9e33b33','95.111.68.120','ZmEu',1405168103,''),
	('3e62bac717d2833a9542da3efee50252','80.57.191.103','Mozilla/5.0 (Macintosh; Intel Mac OS X 10_9_4) AppleWebKit/537.36 (KHTML, like Gecko) Chrome/35.0.1916.153 Safari/537.36',1405172485,''),
	('f65766a57ce041ed3ad035abe973859a','80.57.191.103','Mozilla/5.0 (Macintosh; Intel Mac OS X 10_9_4) AppleWebKit/537.36 (KHTML, like Gecko) Chrome/35.0.1916.153 Safari/537.36',1405172485,'a:2:{s:9:\"user_data\";s:0:\"\";s:4:\"user\";a:6:{s:7:\"user_id\";s:1:\"1\";s:11:\"user_active\";s:1:\"1\";s:10:\"user_email\";s:14:\"sander@sb-a.nl\";s:8:\"user_acl\";s:1:\"2\";s:10:\"user_fname\";s:6:\"Sander\";s:10:\"user_lname\";s:7:\"Brouwer\";}}'),
	('8bbc2b982884ec365a6253d96785a5dc','80.57.191.103','Mozilla/5.0 (Macintosh; Intel Mac OS X 10_9_4) AppleWebKit/537.36 (KHTML, like Gecko) Chrome/35.0.1916.153 Safari/537.36',1405172507,''),
	('8b6773c4ff258bafd5c5346edc3361fe','80.57.191.103','Mozilla/5.0 (Macintosh; Intel Mac OS X 10_9_4) AppleWebKit/537.36 (KHTML, like Gecko) Chrome/35.0.1916.153 Safari/537.36',1405172507,''),
	('ae398838f905a18b6488d8e4892ccfce','80.57.191.103','Mozilla/5.0 (Macintosh; Intel Mac OS X 10_9_4) AppleWebKit/537.36 (KHTML, like Gecko) Chrome/35.0.1916.153 Safari/537.36',1405179744,'a:2:{s:9:\"user_data\";s:0:\"\";s:4:\"user\";a:6:{s:7:\"user_id\";s:1:\"1\";s:11:\"user_active\";s:1:\"1\";s:10:\"user_email\";s:14:\"sander@sb-a.nl\";s:8:\"user_acl\";s:1:\"2\";s:10:\"user_fname\";s:6:\"Sander\";s:10:\"user_lname\";s:7:\"Brouwer\";}}'),
	('dabdc84090326847a81ff223ac192339','80.57.191.103','Mozilla/5.0 (Macintosh; Intel Mac OS X 10_9_4) AppleWebKit/537.36 (KHTML, like Gecko) Chrome/35.0.1916.153 Safari/537.36',1405188208,'a:2:{s:9:\"user_data\";s:0:\"\";s:4:\"user\";a:6:{s:7:\"user_id\";s:1:\"1\";s:11:\"user_active\";s:1:\"1\";s:10:\"user_email\";s:14:\"sander@sb-a.nl\";s:8:\"user_acl\";s:1:\"2\";s:10:\"user_fname\";s:6:\"Sander\";s:10:\"user_lname\";s:7:\"Brouwer\";}}'),
	('487055ec491646b835fc48e4f9dc768b','80.57.191.103','Mozilla/5.0 (Macintosh; Intel Mac OS X 10_9_4) AppleWebKit/537.36 (KHTML, like Gecko) Chrome/35.0.1916.153 Safari/537.36',1405195694,'a:2:{s:9:\"user_data\";s:0:\"\";s:4:\"user\";a:6:{s:7:\"user_id\";s:1:\"1\";s:11:\"user_active\";s:1:\"1\";s:10:\"user_email\";s:14:\"sander@sb-a.nl\";s:8:\"user_acl\";s:1:\"2\";s:10:\"user_fname\";s:6:\"Sander\";s:10:\"user_lname\";s:7:\"Brouwer\";}}'),
	('d134f8c0793684693ca1b62cacaf8c20','80.57.191.103','Mozilla/5.0 (Macintosh; Intel Mac OS X 10_9_3) AppleWebKit/537.36 (KHTML, like Gecko) Chrome/35.0.1916.114 Safari/537.36',1405191824,''),
	('cd690e822ad8135138c66a0417e60104','80.57.191.103','Mozilla/5.0 (Macintosh; Intel Mac OS X 10_9_3) AppleWebKit/537.36 (KHTML, like Gecko) Chrome/35.0.1916.114 Safari/537.36',1405191824,''),
	('e5c46b0bafb36966899257e32e1deb08','80.57.191.103','Mozilla/5.0 (Macintosh; Intel Mac OS X 10_9_4) AppleWebKit/537.36 (KHTML, like Gecko) Chrome/35.0.1916.153 Safari/537.36',1405242923,'a:2:{s:9:\"user_data\";s:0:\"\";s:4:\"user\";a:6:{s:7:\"user_id\";s:1:\"1\";s:11:\"user_active\";s:1:\"1\";s:10:\"user_email\";s:14:\"sander@sb-a.nl\";s:8:\"user_acl\";s:1:\"2\";s:10:\"user_fname\";s:6:\"Sander\";s:10:\"user_lname\";s:7:\"Brouwer\";}}'),
	('6fb567cf848fd744412dfb82989f421f','84.45.98.203','0',1405196968,''),
	('d8fbf6b24b58fcab80e415f777775f9a','84.45.98.203','0',1405196968,''),
	('afee44a9bab4bc1c563d0e712ad10059','118.244.147.49','Mozilla/4.0 (compatible; MSIE 7.0; Windows NT 5.2;Windows NT 5.1;Windows NT 5.3; Mozilla/4.0 (compatible; MSIE 6.0; Wind',1405214083,''),
	('34e501facc273988444035be468367fb','118.244.147.49','Mozilla/4.0 (compatible; MSIE 7.0; Windows NT 5.2;Windows NT 5.1;Windows NT 5.3; Mozilla/4.0 (compatible; MSIE 6.0; Wind',1405214083,''),
	('53c55394e5fafb15c07cfe296f539d46','80.57.191.103','Mozilla/5.0 (Macintosh; Intel Mac OS X 10_9_4) AppleWebKit/537.36 (KHTML, like Gecko) Chrome/35.0.1916.153 Safari/537.36',1405242923,'a:2:{s:9:\"user_data\";s:0:\"\";s:4:\"user\";a:6:{s:7:\"user_id\";s:1:\"1\";s:11:\"user_active\";s:1:\"1\";s:10:\"user_email\";s:14:\"sander@sb-a.nl\";s:8:\"user_acl\";s:1:\"2\";s:10:\"user_fname\";s:6:\"Sander\";s:10:\"user_lname\";s:7:\"Brouwer\";}}'),
	('536590ccc1ed2780b29e309ed60eb06c','78.129.190.59','0',1405243910,''),
	('4c37d553e88aa3db89fa88be1f236c75','78.129.190.59','0',1405243910,''),
	('ae8c831177f5f2e2d2c7d1f2ecf80cd5','83.160.149.24','Mozilla/5.0 (Macintosh; Intel Mac OS X 10_9_4) AppleWebKit/537.36 (KHTML, like Gecko) Chrome/35.0.1916.153 Safari/537.36',1405246541,''),
	('28992e532e104404ee83d66a8de32e26','83.160.149.24','Mozilla/5.0 (Macintosh; Intel Mac OS X 10_9_4) AppleWebKit/537.36 (KHTML, like Gecko) Chrome/35.0.1916.153 Safari/537.36',1405246541,''),
	('7e35335457f33a11220214e4810c7d08','80.57.191.103','Mozilla/5.0 (Macintosh; Intel Mac OS X 10_9_4) AppleWebKit/537.36 (KHTML, like Gecko) Chrome/35.0.1916.153 Safari/537.36',1405246691,''),
	('a9775c2eedfc40a39de72ca3c0d59197','80.57.191.103','Mozilla/5.0 (Macintosh; Intel Mac OS X 10_9_4) AppleWebKit/537.36 (KHTML, like Gecko) Chrome/35.0.1916.153 Safari/537.36',1405253892,''),
	('acbe0a858c07ef9b98f139ff040c4130','83.170.105.52','0',1405249802,''),
	('fa9421570ee257a22276aebe378f63ef','83.170.105.52','0',1405249802,''),
	('2639ed8671866bf514049494a17ead61','80.57.191.103','Mozilla/5.0 (Macintosh; Intel Mac OS X 10_9_4) AppleWebKit/537.36 (KHTML, like Gecko) Chrome/35.0.1916.153 Safari/537.36',1405253892,''),
	('c945d28cd1a506c55f680112c33f2792','83.160.149.24','Mozilla/5.0 (Macintosh; Intel Mac OS X 10_9_4) AppleWebKit/537.36 (KHTML, like Gecko) Chrome/35.0.1916.153 Safari/537.36',1405713507,''),
	('4d072f6a0b7355c95c7ff288a6fec68d','61.191.62.7','0',1405263076,''),
	('8769781e864fcdbc5faa3cb8338a740f','61.191.62.7','0',1405263076,''),
	('79608a648bf7c2da76ca3ac1f52cd897','61.191.62.7','0',1405263079,''),
	('05bda122b9aba4a9f57548513cd6fac2','61.191.62.7','0',1405263079,''),
	('7da76a79f978260d5e5ac9bf3db2ecf1','61.191.62.7','0',1405263080,''),
	('ec783887f23f723754dffc8da8a75aa0','61.191.62.7','0',1405263080,''),
	('cd6bad6d209176788912b4c91e9cb911','61.191.62.7','0',1405263082,''),
	('2a6f16b166b41eca4cbdecb3ef3cf24b','61.191.62.7','0',1405263082,''),
	('406b890f47cf7d52e52c6f2c182de4b0','61.191.62.7','0',1405263100,''),
	('8652a0a5cef417a81cea9a5319751e55','61.191.62.7','0',1405263100,''),
	('fe617593ebc43ce440b09206194dd4cc','61.191.62.7','0',1405263106,''),
	('d2e6aa5cef9ae0f8d765b746003aa00b','61.191.62.7','0',1405263106,''),
	('45310ce7d40072695bce87608ffe1eb8','61.191.62.7','0',1405263118,''),
	('ad6a49f9855b3fb96b03253458b353cd','61.191.62.7','0',1405263118,''),
	('44f9138a3bf3d89e05b0a11fa4a73f6c','61.191.62.7','0',1405263122,''),
	('7802252f54f97e74983f425bbc57ecee','61.191.62.7','0',1405263122,''),
	('7dc32829185fdc95369d61f91ad081fd','61.191.62.7','0',1405263124,''),
	('78762fbbfeb4faa2091313319732856b','61.191.62.7','0',1405263124,''),
	('c14e6859e914234f8e8732db15e45e54','61.191.62.7','0',1405263125,''),
	('6594bac434c82530434104e2cd8f4b27','61.191.62.7','0',1405263125,''),
	('b2fdace17e79894e1d495173098c031b','61.191.62.7','0',1405263126,''),
	('4d0b1ca6e27a2c0c98563de34eb6ea11','61.191.62.7','0',1405263126,''),
	('08a835c742479b6d79a12bf727756124','61.191.62.7','0',1405263132,''),
	('0b10e7797561d354a1edc529478cfcbc','61.191.62.7','0',1405263132,''),
	('4040b55647b4df6a4e2a5d02f6857d65','66.172.11.245','python-requests/2.3.0 CPython/2.7.3 Linux/3.2.0-52-virtual',1405269626,''),
	('3ded7a180f2465ef3e96d32c08bebcd8','66.172.11.245','python-requests/2.3.0 CPython/2.7.3 Linux/3.2.0-52-virtual',1405269626,''),
	('1821f40516cd910b308c88d2bc97b097','122.226.223.69','Mozilla/4.0 (compatible; MSIE 7.0; Windows NT 6.1; WOW64; Trident/6.0; SLCC2; .NET CLR 2.0.50727; .NET CLR 3.5.30729; .N',1405294052,''),
	('8814675e021137471a1cbb6d0f568d99','122.226.223.69','Mozilla/4.0 (compatible; MSIE 7.0; Windows NT 6.1; WOW64; Trident/6.0; SLCC2; .NET CLR 2.0.50727; .NET CLR 3.5.30729; .N',1405294052,''),
	('433d8e7a9b8aa96a0e622820388b4b78','212.230.245.164','0',1405309417,''),
	('8b0cb3c81a624d594e3894fbc487d308','212.230.245.164','0',1405309417,''),
	('57ab168dbdfb36f57330f766b4f39e9e','50.116.5.18','masscan/1.0 (https://github.com/robertdavidgraham/masscan)',1405320248,''),
	('d2091db187904728f43f4bd218d29589','50.116.5.18','masscan/1.0 (https://github.com/robertdavidgraham/masscan)',1405320248,''),
	('8b8ec88a08114e531015610a3b70ebdc','82.161.69.199','Mozilla/5.0 (Macintosh; Intel Mac OS X 10_9_4) AppleWebKit/537.36 (KHTML, like Gecko) Chrome/35.0.1916.153 Safari/537.36',1405321995,''),
	('c27b1482cfbc27c38cf7e1cde5f8b75d','82.161.69.199','Mozilla/5.0 (Macintosh; Intel Mac OS X 10_9_4) AppleWebKit/537.36 (KHTML, like Gecko) Chrome/35.0.1916.153 Safari/537.36',1405329202,'a:2:{s:9:\"user_data\";s:0:\"\";s:4:\"user\";a:6:{s:7:\"user_id\";s:1:\"1\";s:11:\"user_active\";s:1:\"1\";s:10:\"user_email\";s:14:\"sander@sb-a.nl\";s:8:\"user_acl\";s:1:\"2\";s:10:\"user_fname\";s:6:\"Sander\";s:10:\"user_lname\";s:7:\"Brouwer\";}}'),
	('10425b29e8f001677d98b4d69c162895','82.161.69.199','Mozilla/5.0 (Macintosh; Intel Mac OS X 10_9_4) AppleWebKit/537.36 (KHTML, like Gecko) Chrome/35.0.1916.153 Safari/537.36',1405336411,''),
	('eee8f352793ae708f0a8fad7aa6f2a97','82.161.69.199','Mozilla/5.0 (Macintosh; Intel Mac OS X 10_9_4) AppleWebKit/537.36 (KHTML, like Gecko) Chrome/35.0.1916.153 Safari/537.36',1405343621,''),
	('a79ceaf115ec3272a9e8dd80f65538e4','82.161.69.199','Mozilla/5.0 (Macintosh; Intel Mac OS X 10_9_4) AppleWebKit/537.36 (KHTML, like Gecko) Chrome/35.0.1916.153 Safari/537.36',1405424978,''),
	('2f52e3a4738718e0050dc996797254e6','82.161.69.199','Mozilla/5.0 (Macintosh; Intel Mac OS X 10_9_4) AppleWebKit/537.36 (KHTML, like Gecko) Chrome/35.0.1916.153 Safari/537.36',1405432179,''),
	('ac4bf198a7557f116c8b579b3c8124cb','82.161.69.199','Mozilla/5.0 (Macintosh; Intel Mac OS X 10_9_4) AppleWebKit/537.36 (KHTML, like Gecko) Chrome/35.0.1916.153 Safari/537.36',1405432179,''),
	('50895dc149a8b7da1cb5d56588ca5767','212.187.92.247','Mozilla/5.0 (Windows NT 6.1; WOW64) AppleWebKit/537.36 (KHTML, like Gecko) Chrome/35.0.1916.153 Safari/537.36',1405435765,''),
	('b8f2e44ac06f1d97bf66365bcb0a63c6','212.187.92.247','Mozilla/5.0 (Windows NT 6.1; WOW64) AppleWebKit/537.36 (KHTML, like Gecko) Chrome/35.0.1916.153 Safari/537.36',1405435765,''),
	('cdfea19fc33693ef8d7dea060c582d11','212.187.92.247','Mozilla/5.0 (Windows NT 6.1; WOW64) AppleWebKit/537.36 (KHTML, like Gecko) Chrome/35.0.1916.153 Safari/537.36',1405435765,''),
	('a25b87979a0927c0b3ff62bca0da68db','212.187.92.247','Mozilla/5.0 (Windows NT 6.1; WOW64) AppleWebKit/537.36 (KHTML, like Gecko) Chrome/35.0.1916.153 Safari/537.36',1405435765,''),
	('d43775e5689c06566737fde85bb0cb11','212.187.92.247','Mozilla/5.0 (Windows NT 6.1; WOW64) AppleWebKit/537.36 (KHTML, like Gecko) Chrome/35.0.1916.153 Safari/537.36',1405435765,''),
	('aa1ea67bd4ca3e49c251fbed1b805c27','212.187.92.247','Mozilla/5.0 (Windows NT 6.1; WOW64) AppleWebKit/537.36 (KHTML, like Gecko) Chrome/35.0.1916.153 Safari/537.36',1405435765,''),
	('0d76f21eef026d27399325d6ebe4ab84','212.187.92.247','Mozilla/5.0 (Windows NT 6.1; WOW64) AppleWebKit/537.36 (KHTML, like Gecko) Chrome/35.0.1916.153 Safari/537.36',1405435766,''),
	('0a167df118873d453d529b4f9979ee87','212.187.92.247','Mozilla/5.0 (Windows NT 6.1; WOW64) AppleWebKit/537.36 (KHTML, like Gecko) Chrome/35.0.1916.153 Safari/537.36',1405435766,''),
	('0b88e639d2edc02fe16b0050c73680e1','83.160.149.24','Mozilla/5.0 (Macintosh; Intel Mac OS X 10_9_4) AppleWebKit/537.36 (KHTML, like Gecko) Chrome/35.0.1916.153 Safari/537.36',1405443069,''),
	('29703366f05142c180966185a4cc9277','83.160.149.24','Mozilla/5.0 (Macintosh; Intel Mac OS X 10_9_4) AppleWebKit/537.36 (KHTML, like Gecko) Chrome/35.0.1916.153 Safari/537.36',1405443069,''),
	('1f651c5e935394bf4611c80bc5458a8b','131.155.214.141','Mozilla/5.0 (Macintosh; Intel Mac OS X 10_9_4) AppleWebKit/537.36 (KHTML, like Gecko) Chrome/35.0.1916.153 Safari/537.36',1405447912,''),
	('864b0022b97dbf54f47aee221a5de3f8','131.155.214.141','Mozilla/5.0 (Macintosh; Intel Mac OS X 10_9_4) AppleWebKit/537.36 (KHTML, like Gecko) Chrome/35.0.1916.153 Safari/537.36',1405447912,''),
	('da141341fef168c8bce0699e956e9621','95.211.138.10','0',1405472596,''),
	('a2da679ff61cf38990fa788fcf01c27f','95.211.138.10','0',1405472596,''),
	('d5a1d6f0dde8828a5fee9c68e4f2f816','217.172.179.239','0',1405480830,''),
	('b7f4d05684592a9e4d6200206d172bbc','217.172.179.239','0',1405480830,''),
	('42e3f12550fdf014512b5353bef2d246','82.161.69.199','Mozilla/5.0 (Macintosh; Intel Mac OS X 10_9_4) AppleWebKit/537.36 (KHTML, like Gecko) Chrome/35.0.1916.153 Safari/537.36',1405510651,''),
	('819cf7be9b3de893a082ec2f01acceae','82.161.69.199','Mozilla/5.0 (Macintosh; Intel Mac OS X 10_9_4) AppleWebKit/537.36 (KHTML, like Gecko) Chrome/35.0.1916.153 Safari/537.36',1405517853,'a:2:{s:9:\"user_data\";s:0:\"\";s:4:\"user\";a:6:{s:7:\"user_id\";s:1:\"1\";s:11:\"user_active\";s:1:\"1\";s:10:\"user_email\";s:14:\"sander@sb-a.nl\";s:8:\"user_acl\";s:1:\"2\";s:10:\"user_fname\";s:6:\"Sander\";s:10:\"user_lname\";s:7:\"Brouwer\";}}'),
	('97b8c41ec82b770a68d2bd340874f521','69.64.72.41','Mozilla/5.0 (Windows; U; Windows NT 5.1; en-US; rv:1.9.2.12) Gecko/20101026 Firefox/3.6.12',1405514247,''),
	('5d50bba6b6dbe8fbf099fb7491cd109c','69.64.72.41','Mozilla/5.0 (Windows; U; Windows NT 5.1; en-US; rv:1.9.2.12) Gecko/20101026 Firefox/3.6.12',1405514247,''),
	('4c17007899ac8d3909aaf8b74204da82','82.161.69.199','Mozilla/5.0 (Macintosh; Intel Mac OS X 10_9_4) AppleWebKit/537.36 (KHTML, like Gecko) Chrome/35.0.1916.153 Safari/537.36',1405525055,''),
	('d9646b30a439b40b8011d19d1a87d978','187.72.55.177','0',1405522402,''),
	('8601b0f3726e0cdd08612e8a2da89737','187.72.55.177','0',1405522402,''),
	('b126fddea8a17545ddd6c21812a6514c','82.161.69.199','Mozilla/5.0 (Macintosh; Intel Mac OS X 10_9_4) AppleWebKit/537.36 (KHTML, like Gecko) Chrome/35.0.1916.153 Safari/537.36',1405525055,''),
	('3ed214f6770b97a2cd7aea757bcbb89d','83.160.149.24','Mozilla/5.0 (Macintosh; Intel Mac OS X 10_9_4) AppleWebKit/537.36 (KHTML, like Gecko) Chrome/35.0.1916.153 Safari/537.36',1405530326,''),
	('f0954e65c2a692c05ec5d52c55ae661a','83.160.149.24','Mozilla/5.0 (Macintosh; Intel Mac OS X 10_9_4) AppleWebKit/537.36 (KHTML, like Gecko) Chrome/35.0.1916.153 Safari/537.36',1405541868,''),
	('1aae14a613a8d2de4aa41d595ca7b3e2','95.211.138.10','0',1405535288,''),
	('1bc36180592ad2df9805ae9d82d732d1','95.211.138.10','0',1405535288,''),
	('680bf9d7c5b704762bdfdf509e4d76d3','83.160.149.24','Mozilla/5.0 (Macintosh; Intel Mac OS X 10_9_4) AppleWebKit/537.36 (KHTML, like Gecko) Chrome/35.0.1916.153 Safari/537.36',1405541868,''),
	('f66eefa71a932e88ec83ae5b4699a796','131.155.199.95','Mozilla/5.0 (Macintosh; Intel Mac OS X 10_9_4) AppleWebKit/537.36 (KHTML, like Gecko) Chrome/35.0.1916.153 Safari/537.36',1405576858,''),
	('9f61a84523bbeca8802632974e22cf0c','131.155.199.95','Mozilla/5.0 (Macintosh; Intel Mac OS X 10_9_4) AppleWebKit/537.36 (KHTML, like Gecko) Chrome/35.0.1916.153 Safari/537.36',1405576858,''),
	('7d339fb82494b1c015454c010b7dfffd','83.160.149.24','Mozilla/5.0 (Macintosh; Intel Mac OS X 10_9_4) AppleWebKit/537.36 (KHTML, like Gecko) Chrome/35.0.1916.153 Safari/537.36',1405579608,''),
	('c96774e92ff33b9598da5ed659e55ade','83.160.149.24','Mozilla/5.0 (Macintosh; Intel Mac OS X 10_9_4) AppleWebKit/537.36 (KHTML, like Gecko) Chrome/35.0.1916.153 Safari/537.36',1405579608,''),
	('9a62ebde26976f59a59614ff1a739985','194.58.102.20','Mozilla/4.0 (compatible; MSIE 6.0; Windows NT 5.1)',1405582443,''),
	('9cd8745d17cd3a2bac15536080344b52','194.58.102.20','Mozilla/4.0 (compatible; MSIE 6.0; Windows NT 5.1)',1405582443,''),
	('656ef8262226ecfac1659e2a2153501a','131.155.199.95','Mozilla/5.0 (Macintosh; Intel Mac OS X 10_9_4) AppleWebKit/537.36 (KHTML, like Gecko) Chrome/35.0.1916.153 Safari/537.36',1405582498,''),
	('f076835d9fa98dcc189f8e7f5e744f35','131.155.199.95','Mozilla/5.0 (Macintosh; Intel Mac OS X 10_9_4) AppleWebKit/537.36 (KHTML, like Gecko) Chrome/35.0.1916.153 Safari/537.36',1405582498,''),
	('d7a7c5245535b4c296b69f316fe6b713','83.160.149.24','Mozilla/5.0 (Macintosh; Intel Mac OS X 10_9_4) AppleWebKit/537.36 (KHTML, like Gecko) Chrome/35.0.1916.153 Safari/537.36',1405583658,''),
	('5e372c80656b15b193d2a6ac955448da','83.160.149.24','Mozilla/5.0 (Macintosh; Intel Mac OS X 10_9_4) AppleWebKit/537.36 (KHTML, like Gecko) Chrome/35.0.1916.153 Safari/537.36',1405583658,''),
	('5c3c8a723fa26597db08cae2e80d8b3a','131.155.199.95','Mozilla/5.0 (Macintosh; Intel Mac OS X 10_9_4) AppleWebKit/537.36 (KHTML, like Gecko) Chrome/35.0.1916.153 Safari/537.36',1405583748,''),
	('c11e47fb732c674b5d52546371785542','131.155.199.95','Mozilla/5.0 (Macintosh; Intel Mac OS X 10_9_4) AppleWebKit/537.36 (KHTML, like Gecko) Chrome/35.0.1916.153 Safari/537.36',1405583748,''),
	('086322da03bd12ac68d6e0ab96b12be1','131.155.223.62','Mozilla/5.0 (Macintosh; Intel Mac OS X 10_9_4) AppleWebKit/537.36 (KHTML, like Gecko) Chrome/35.0.1916.153 Safari/537.36',1405584084,''),
	('0dbf71984f8a4e7b06975e64febb2431','131.155.223.62','Mozilla/5.0 (Macintosh; Intel Mac OS X 10_9_4) AppleWebKit/537.36 (KHTML, like Gecko) Chrome/35.0.1916.153 Safari/537.36',1405584084,''),
	('a833a3c421aa423caa2d63c7a1f9a1b2','82.161.69.199','Mozilla/5.0 (Macintosh; Intel Mac OS X 10_9_4) AppleWebKit/537.36 (KHTML, like Gecko) Chrome/35.0.1916.153 Safari/537.36',1405596448,''),
	('ec6145609041997512ddb6dfe9c59e6a','82.161.69.199','Mozilla/5.0 (Macintosh; Intel Mac OS X 10_9_4) AppleWebKit/537.36 (KHTML, like Gecko) Chrome/35.0.1916.153 Safari/537.36',1405603652,''),
	('015f4b80069d88f1929001bb4891ab26','82.161.69.199','Mozilla/5.0 (Macintosh; Intel Mac OS X 10_9_4) AppleWebKit/537.36 (KHTML, like Gecko) Chrome/35.0.1916.153 Safari/537.36',1405610862,''),
	('afb5c3576bedd8f6c6c98e101510ce61','112.124.30.154','Mozilla/5.0 (Windows NT 6.1; WOW64) AppleWebKit/537.36 (KHTML, like Gecko) Chrome/35.0.1916.114 Safari/537.36',1405608152,''),
	('1811a8e39a60c221f4dd23ca4ad86546','112.124.30.154','Mozilla/5.0 (Windows NT 6.1; WOW64) AppleWebKit/537.36 (KHTML, like Gecko) Chrome/35.0.1916.114 Safari/537.36',1405608152,''),
	('d9e8f1427503cb3b1966c374d9a06d18','82.161.69.199','Mozilla/5.0 (Macintosh; Intel Mac OS X 10_9_4) AppleWebKit/537.36 (KHTML, like Gecko) Chrome/35.0.1916.153 Safari/537.36',1405610862,''),
	('8e426a34ffc4bd0c12664d80c9f37c93','83.160.149.24','Mozilla/5.0 (Macintosh; Intel Mac OS X 10_9_4) AppleWebKit/537.36 (KHTML, like Gecko) Chrome/35.0.1916.153 Safari/537.36',1405617812,''),
	('0281503910c6926fcb651f33332158c9','83.160.149.24','Mozilla/5.0 (Macintosh; Intel Mac OS X 10_9_4) AppleWebKit/537.36 (KHTML, like Gecko) Chrome/35.0.1916.153 Safari/537.36',1405617812,''),
	('ad0d7d91d956bd52760ef6e65c5e6664','60.173.14.66','Mozilla/5.0 (Windows NT 5.1; rv:9.0.1) Gecko/20100101 Firefox/9.0.1',1405618538,''),
	('ba3421fa627e2828e1c99ce4260ac2f9','60.173.14.66','Mozilla/5.0 (Windows NT 5.1; rv:9.0.1) Gecko/20100101 Firefox/9.0.1',1405618539,''),
	('ef62d2b42664030b69897311252e1471','131.155.215.146','Mozilla/5.0 (Macintosh; Intel Mac OS X 10_9_4) AppleWebKit/537.36 (KHTML, like Gecko) Chrome/35.0.1916.153 Safari/537.36',1405619012,''),
	('715e2ef9336d7336c7ae1e0596051998','131.155.215.146','Mozilla/5.0 (Macintosh; Intel Mac OS X 10_9_4) AppleWebKit/537.36 (KHTML, like Gecko) Chrome/35.0.1916.153 Safari/537.36',1405619012,''),
	('793037d4fa74e43e14b73b53fa13fcfc','82.161.69.199','Mozilla/5.0 (Macintosh; Intel Mac OS X 10_9_4) AppleWebKit/537.36 (KHTML, like Gecko) Chrome/35.0.1916.153 Safari/537.36',1405621062,''),
	('a5161472ab171669f766e8583a15d68d','82.161.69.199','Mozilla/5.0 (Macintosh; Intel Mac OS X 10_9_4) AppleWebKit/537.36 (KHTML, like Gecko) Chrome/35.0.1916.153 Safari/537.36',1405628272,''),
	('2dc2089da664965c8e21a7a0b2221c2f','82.161.69.199','Mozilla/5.0 (Macintosh; Intel Mac OS X 10_9_4) AppleWebKit/537.36 (KHTML, like Gecko) Chrome/35.0.1916.153 Safari/537.36',1405628272,''),
	('70af9a40a079b7fd6a81806dee6fef69','83.160.149.24','Mozilla/5.0 (Macintosh; Intel Mac OS X 10_9_4) AppleWebKit/537.36 (KHTML, like Gecko) Chrome/35.0.1916.153 Safari/537.36',1405636411,''),
	('3d7ace489625a702fc3a1cd880f3cbb0','83.160.149.24','Mozilla/5.0 (Macintosh; Intel Mac OS X 10_9_4) AppleWebKit/537.36 (KHTML, like Gecko) Chrome/35.0.1916.153 Safari/537.36',1405636411,''),
	('9b97eea0270be784f548b838311c9bd3','82.161.69.199','Mozilla/5.0 (Macintosh; Intel Mac OS X 10_9_4) AppleWebKit/537.36 (KHTML, like Gecko) Chrome/35.0.1916.153 Safari/537.36',1405680578,''),
	('8d337610da10ac6da1c29c2a7972487a','82.161.69.199','Mozilla/5.0 (Macintosh; Intel Mac OS X 10_9_4) AppleWebKit/537.36 (KHTML, like Gecko) Chrome/35.0.1916.153 Safari/537.36',1405687786,''),
	('45a03d84c23b520c7d71e1a9e156dc29','82.161.69.199','Mozilla/5.0 (Macintosh; Intel Mac OS X 10_9_4) AppleWebKit/537.36 (KHTML, like Gecko) Chrome/35.0.1916.153 Safari/537.36',1405694991,''),
	('54487e9d3cf4efdb19a31ed6ce1b11aa','87.255.38.183','0',1405691441,''),
	('a3afb1441319f92700e5023878a17a3a','87.255.38.183','0',1405691441,''),
	('4f2bd09a711b46bdbfaabee7e31bb3d4','87.255.38.183','0',1405693214,''),
	('d1fb45ad704c66067a6accfc5d592294','87.255.38.183','0',1405693214,''),
	('1c3941b7a9b38b768a0ed4dd8cec0a12','173.230.156.31','masscan/1.0 (https://github.com/robertdavidgraham/masscan)',1405694140,''),
	('7cfdfd48755dc4b7f00ba83bceda70e0','173.230.156.31','masscan/1.0 (https://github.com/robertdavidgraham/masscan)',1405694140,''),
	('b79a35b2b5b6a7a9057a0618e933d623','222.95.45.180','Mozilla/5.0 (Windows NT 6.1; WOW64) AppleWebKit/537.36 (KHTML, like Gecko) Chrome/35.0.1916.114 Safari/537.36',1405694552,''),
	('f518562075b3bd6b37d0cdc3663f1f2f','222.95.45.180','Mozilla/5.0 (Windows NT 6.1; WOW64) AppleWebKit/537.36 (KHTML, like Gecko) Chrome/35.0.1916.114 Safari/537.36',1405694552,''),
	('95ef6bc0e55ecb70d54a768a068000cf','82.161.69.199','Mozilla/5.0 (Macintosh; Intel Mac OS X 10_9_4) AppleWebKit/537.36 (KHTML, like Gecko) Chrome/35.0.1916.153 Safari/537.36',1405694991,''),
	('f8bbd7c3b67bd02e6e997082f94bc20f','173.230.156.31','masscan/1.0 (https://github.com/robertdavidgraham/masscan)',1405712455,''),
	('cf62d564502e0408278056423c84a892','173.230.156.31','masscan/1.0 (https://github.com/robertdavidgraham/masscan)',1405712455,''),
	('e011c25ad9fc0013f8179e169f2b0364','83.160.149.24','Mozilla/5.0 (Macintosh; Intel Mac OS X 10_9_4) AppleWebKit/537.36 (KHTML, like Gecko) Chrome/35.0.1916.153 Safari/537.36',1405720717,''),
	('e0c0080448d8f95e936863035bbb83cf','83.160.149.24','Mozilla/5.0 (Macintosh; Intel Mac OS X 10_9_4) AppleWebKit/537.36 (KHTML, like Gecko) Chrome/35.0.1916.153 Safari/537.36',1405727925,''),
	('4d19afbccaedbd8023150a5b21c1732f','83.160.149.24','Mozilla/5.0 (Macintosh; Intel Mac OS X 10_9_4) AppleWebKit/537.36 (KHTML, like Gecko) Chrome/35.0.1916.153 Safari/537.36',1405735126,''),
	('caaccf425b80f66af7334c3841e70c2c','83.160.149.24','Mozilla/5.0 (Macintosh; Intel Mac OS X 10_9_4) AppleWebKit/537.36 (KHTML, like Gecko) Chrome/35.0.1916.153 Safari/537.36',1405742328,''),
	('610087f20e497988d8939c830e2568c7','83.160.149.24','Mozilla/5.0 (Macintosh; Intel Mac OS X 10_9_4) AppleWebKit/537.36 (KHTML, like Gecko) Chrome/35.0.1916.153 Safari/537.36',1405749529,''),
	('967b076a784c881542dd4b68231620d6','83.160.149.24','Mozilla/5.0 (Macintosh; Intel Mac OS X 10_9_4) AppleWebKit/537.36 (KHTML, like Gecko) Chrome/35.0.1916.153 Safari/537.36',1405761900,''),
	('1055200a08f118e709d49c84f93856f2','83.160.149.24','Mozilla/5.0 (Macintosh; Intel Mac OS X 10_9_4) AppleWebKit/537.36 (KHTML, like Gecko) Chrome/35.0.1916.153 Safari/537.36',1405769105,''),
	('90a31dd104b5e870708a00e81444c37d','69.64.72.41','Mozilla/5.0 (Windows; U; Windows NT 5.1; en-US; rv:1.9.2.12) Gecko/20101026 Firefox/3.6.12',1405762497,''),
	('85b23bfe3b2900f083addbc5fef83b3a','69.64.72.41','Mozilla/5.0 (Windows; U; Windows NT 5.1; en-US; rv:1.9.2.12) Gecko/20101026 Firefox/3.6.12',1405762497,''),
	('1064b18b7aee38d3d88334fb615880c3','83.160.149.24','Mozilla/5.0 (Macintosh; Intel Mac OS X 10_9_4) AppleWebKit/537.36 (KHTML, like Gecko) Chrome/35.0.1916.153 Safari/537.36',1405776315,''),
	('2089710aa19587ffa605172d9bab8d2d','83.160.149.24','Mozilla/5.0 (Macintosh; Intel Mac OS X 10_9_4) AppleWebKit/537.36 (KHTML, like Gecko) Chrome/35.0.1916.153 Safari/537.36',1405775972,''),
	('8b319175580b4c36bae4f1bd6bfb65f4','83.160.149.24','Mozilla/5.0 (Macintosh; Intel Mac OS X 10_9_4) AppleWebKit/537.36 (KHTML, like Gecko) Chrome/35.0.1916.153 Safari/537.36',1405775972,''),
	('c33f91001b1e53b3b04a42d41f5d72d7','83.160.149.24','Mozilla/5.0 (Macintosh; Intel Mac OS X 10_9_4) AppleWebKit/537.36 (KHTML, like Gecko) Chrome/35.0.1916.153 Safari/537.36',1405790465,''),
	('483c7c59a6498b22a090752a33103f19','77.172.26.198','Mozilla/5.0 (Macintosh; Intel Mac OS X 10_9_4) AppleWebKit/537.36 (KHTML, like Gecko) Chrome/35.0.1916.153 Safari/537.36',1405784214,''),
	('28c9ca479828828dc2b8159307d3da49','77.172.26.198','Mozilla/5.0 (Macintosh; Intel Mac OS X 10_9_4) AppleWebKit/537.36 (KHTML, like Gecko) Chrome/35.0.1916.153 Safari/537.36',1405784214,''),
	('7ab745d829628006a592e80198702d54','74.207.252.212','masscan/1.0 (https://github.com/robertdavidgraham/masscan)',1405787067,''),
	('bfc59a86fe1565c73828713f66a5094b','74.207.252.212','masscan/1.0 (https://github.com/robertdavidgraham/masscan)',1405787067,''),
	('cbc19d3d7042242cd155dae848c3fe27','83.160.149.24','Mozilla/5.0 (Macintosh; Intel Mac OS X 10_9_4) AppleWebKit/537.36 (KHTML, like Gecko) Chrome/35.0.1916.153 Safari/537.36',1405797717,''),
	('d211fbb6dc7e04b85a7f37bc23eb40b4','83.160.149.24','Mozilla/5.0 (Macintosh; Intel Mac OS X 10_9_4) AppleWebKit/537.36 (KHTML, like Gecko) Chrome/35.0.1916.153 Safari/537.36',1405804968,''),
	('2a665d18cbf6ef753dc8a15595b89d6b','83.160.149.24','Mozilla/5.0 (Macintosh; Intel Mac OS X 10_9_4) AppleWebKit/537.36 (KHTML, like Gecko) Chrome/35.0.1916.153 Safari/537.36',1405812219,''),
	('cbe637d827cd803fdd820bcc9cdb92ff','83.160.149.24','Mozilla/5.0 (Macintosh; Intel Mac OS X 10_9_4) AppleWebKit/537.36 (KHTML, like Gecko) Chrome/35.0.1916.153 Safari/537.36',1405819471,''),
	('fda1915f7bbb6a2b40ba8a68d73f8d97','83.160.149.24','Mozilla/5.0 (Macintosh; Intel Mac OS X 10_9_4) AppleWebKit/537.36 (KHTML, like Gecko) Chrome/35.0.1916.153 Safari/537.36',1405826720,''),
	('9471e0d64b19e12eb4f317973fabeba7','82.221.109.194','python-requests/2.2.1 CPython/2.7.6 Linux/3.13.0-30-generic',1405820743,''),
	('4a590e69e75cc085662ee8bcd584de8f','82.221.109.194','python-requests/2.2.1 CPython/2.7.6 Linux/3.13.0-30-generic',1405820743,''),
	('cd293673b70db3e17afc1bc7dad3def7','82.221.109.194','python-requests/2.2.1 CPython/2.7.6 Linux/3.13.0-30-generic',1405820754,''),
	('ff54235611d8cb78ad1259836f9490cc','82.221.109.194','python-requests/2.2.1 CPython/2.7.6 Linux/3.13.0-30-generic',1405820754,''),
	('5b787b6dcd39a2a34132ab130be98583','83.160.149.24','Mozilla/5.0 (Macintosh; Intel Mac OS X 10_9_4) AppleWebKit/537.36 (KHTML, like Gecko) Chrome/35.0.1916.153 Safari/537.36',1405826720,''),
	('aa28a7544f63aa369beca4def6422ae0','83.160.149.24','Mozilla/5.0 (Macintosh; Intel Mac OS X 10_9_4) AppleWebKit/537.36 (KHTML, like Gecko) Chrome/35.0.1916.153 Safari/537.36',1405826720,''),
	('756ad3cfb085909f08f488ef1ab8b446','83.160.149.24','Mozilla/5.0 (Macintosh; Intel Mac OS X 10_9_4) AppleWebKit/537.36 (KHTML, like Gecko) Chrome/35.0.1916.153 Safari/537.36',1405833968,''),
	('bb2c48e195061045874bda33cad4673a','83.160.149.24','Mozilla/5.0 (Macintosh; Intel Mac OS X 10_9_4) AppleWebKit/537.36 (KHTML, like Gecko) Chrome/35.0.1916.153 Safari/537.36',1405841221,''),
	('d2ec3c43ee968a53ef34a0af5b7dcf0c','74.207.252.212','research-scanner/1.0 (www.internetscanningproject.org)',1405838200,''),
	('2370a1bc1851d128eaf5e2f8ac9e3b70','74.207.252.212','research-scanner/1.0 (www.internetscanningproject.org)',1405838200,''),
	('6d0e1bc124152a6062479619a46b84c1','83.160.149.24','Mozilla/5.0 (Macintosh; Intel Mac OS X 10_9_4) AppleWebKit/537.36 (KHTML, like Gecko) Chrome/35.0.1916.153 Safari/537.36',1405841221,''),
	('c5f6a95c9332f308cbff261a62bc9790','83.160.149.24','Mozilla/5.0 (Macintosh; Intel Mac OS X 10_9_4) AppleWebKit/537.36 (KHTML, like Gecko) Chrome/35.0.1916.153 Safari/537.36',1405841221,''),
	('16752c8c5669ad87fd3fd0442c2d4a4d','83.160.149.24','Mozilla/5.0 (Macintosh; Intel Mac OS X 10_9_4) AppleWebKit/537.36 (KHTML, like Gecko) Chrome/35.0.1916.153 Safari/537.36',1405848477,''),
	('f476ddf8f476bf47953941761613d0b4','74.207.252.212','research-scanner/1.0 (www.internetscanningproject.org)',1405846143,''),
	('59067fbf64a5a1806af9c3deac539064','74.207.252.212','research-scanner/1.0 (www.internetscanningproject.org)',1405846143,''),
	('5e4588effa5697b11ac965f108096819','83.160.149.24','Mozilla/5.0 (Macintosh; Intel Mac OS X 10_9_4) AppleWebKit/537.36 (KHTML, like Gecko) Chrome/35.0.1916.153 Safari/537.36',1405848477,''),
	('0e45661e9d4619465aa4d2d3726d7b77','83.160.149.24','Mozilla/5.0 (Macintosh; Intel Mac OS X 10_9_4) AppleWebKit/537.36 (KHTML, like Gecko) Chrome/35.0.1916.153 Safari/537.36',1405855682,''),
	('dd5c1eec6e35891eae7a1a28812b51e1','82.221.109.194','python-requests/2.2.1 CPython/2.7.6 Linux/3.13.0-30-generic',1405851380,''),
	('d7bb8393f6328158213039ecb3da9407','82.221.109.194','python-requests/2.2.1 CPython/2.7.6 Linux/3.13.0-30-generic',1405851380,''),
	('241ab1172b3d056c672b7c8b92d2d4ca','82.221.109.194','python-requests/2.2.1 CPython/2.7.6 Linux/3.13.0-30-generic',1405851400,''),
	('d5389cc1d7647771aa14897a095c6b23','82.221.109.194','python-requests/2.2.1 CPython/2.7.6 Linux/3.13.0-30-generic',1405851400,''),
	('3ecbb1ecb0084b5f960a3f1f061970a3','83.160.149.24','Mozilla/5.0 (Macintosh; Intel Mac OS X 10_9_4) AppleWebKit/537.36 (KHTML, like Gecko) Chrome/35.0.1916.153 Safari/537.36',1405866073,''),
	('47a14503ecb729a353512ea7c3380cbd','87.245.130.35','0',1405856201,''),
	('4a968ed737f6a85a80ad0ea534c22698','87.245.130.35','0',1405856202,''),
	('8dcc97dbab14a19ec5f032b6058bdcde','83.160.149.24','Mozilla/5.0 (Macintosh; Intel Mac OS X 10_9_4) AppleWebKit/537.36 (KHTML, like Gecko) Chrome/35.0.1916.153 Safari/537.36',1405873324,''),
	('72c24b17f77126118129cdb7b5667192','80.82.70.112','Mozilla/5.0 (X11; Ubuntu; Linux i686 on x86_64; rv:20.0) Gecko/20100101 Firefox/20.0',1405867937,''),
	('23ebfc9b45f3c633908991b5effda7c0','80.82.70.112','Mozilla/5.0 (X11; Ubuntu; Linux i686 on x86_64; rv:20.0) Gecko/20100101 Firefox/20.0',1405867937,''),
	('09b5d589e9533e312086e2ee6d0e5d7f','80.57.191.103','Mozilla/5.0 (Macintosh; Intel Mac OS X 10_9_4) AppleWebKit/537.36 (KHTML, like Gecko) Chrome/35.0.1916.153 Safari/537.36',1405870744,''),
	('386b2a15059570739072e104d7bd2382','80.57.191.103','Mozilla/5.0 (Macintosh; Intel Mac OS X 10_9_4) AppleWebKit/537.36 (KHTML, like Gecko) Chrome/35.0.1916.153 Safari/537.36',1405870744,''),
	('d5ddfc747ff7480fb362cb755a5cd24d','83.160.149.24','Mozilla/5.0 (Macintosh; Intel Mac OS X 10_9_4) AppleWebKit/537.36 (KHTML, like Gecko) Chrome/35.0.1916.153 Safari/537.36',1405880571,''),
	('6448b986396ab264a8c4274378ba2732','173.230.156.31','research-scanner/1.0 (www.internetscanningproject.org)',1405877784,''),
	('10a719e5f2d288e428e190e5c84ee42a','173.230.156.31','research-scanner/1.0 (www.internetscanningproject.org)',1405877784,''),
	('d5fad837ac94a20b4af1dd3b6a579fc1','83.160.149.24','Mozilla/5.0 (Macintosh; Intel Mac OS X 10_9_4) AppleWebKit/537.36 (KHTML, like Gecko) Chrome/35.0.1916.153 Safari/537.36',1405887823,''),
	('d71ff159d46d3b9a116bb8908255de15','83.160.149.24','Mozilla/5.0 (Macintosh; Intel Mac OS X 10_9_4) AppleWebKit/537.36 (KHTML, like Gecko) Chrome/35.0.1916.153 Safari/537.36',1405895073,''),
	('266df389b617de96a2432059478a180d','83.160.149.24','Mozilla/5.0 (Macintosh; Intel Mac OS X 10_9_4) AppleWebKit/537.36 (KHTML, like Gecko) Chrome/35.0.1916.153 Safari/537.36',1405902326,''),
	('4aab282c97ecbb2b15f740c674f1d7bc','83.160.149.24','Mozilla/5.0 (Macintosh; Intel Mac OS X 10_9_4) AppleWebKit/537.36 (KHTML, like Gecko) Chrome/35.0.1916.153 Safari/537.36',1405909576,''),
	('65e1fec8da1071938c740a1b50f5a48d','173.230.156.31','research-scanner/1.0 (www.internetscanningproject.org)',1405905037,''),
	('62a3bdfe4f9e29553b47efad1a5b0c30','173.230.156.31','research-scanner/1.0 (www.internetscanningproject.org)',1405905037,''),
	('04f6d876436476267aeffe4a4776f1c3','83.160.149.24','Mozilla/5.0 (Macintosh; Intel Mac OS X 10_9_4) AppleWebKit/537.36 (KHTML, like Gecko) Chrome/35.0.1916.153 Safari/537.36',1405916829,''),
	('8f37cd84fd9ab990a51dde4f8e8a7607','83.160.149.24','Mozilla/5.0 (Macintosh; Intel Mac OS X 10_9_4) AppleWebKit/537.36 (KHTML, like Gecko) Chrome/35.0.1916.153 Safari/537.36',1405924080,''),
	('cdd1588f25427620394a5b543e9fd6a9','192.81.131.15','research-scanner/1.0 (www.internetscanningproject.org)',1405921679,''),
	('424d30e562f97d937959beb7dc1e0c76','192.81.131.15','research-scanner/1.0 (www.internetscanningproject.org)',1405921679,''),
	('69616bf4352cba8f2ff2df111405d6ce','83.160.149.24','Mozilla/5.0 (Macintosh; Intel Mac OS X 10_9_4) AppleWebKit/537.36 (KHTML, like Gecko) Chrome/35.0.1916.153 Safari/537.36',1405931331,''),
	('e5fa6cdab13b0b3e1e33f472b28148c3','82.161.69.199','Mozilla/5.0 (Macintosh; Intel Mac OS X 10_9_4) AppleWebKit/537.36 (KHTML, like Gecko) Chrome/35.0.1916.153 Safari/537.36',1405926845,''),
	('f848083b5f1ee347d459aea185e2421a','82.161.69.199','Mozilla/5.0 (Macintosh; Intel Mac OS X 10_9_4) AppleWebKit/537.36 (KHTML, like Gecko) Chrome/35.0.1916.153 Safari/537.36',1405934048,''),
	('e716cb54b043eb05422ee842ff9282a5','83.160.149.24','Mozilla/5.0 (Macintosh; Intel Mac OS X 10_9_4) AppleWebKit/537.36 (KHTML, like Gecko) Chrome/35.0.1916.153 Safari/537.36',1405938582,''),
	('7d30e0eb99c97c89448bf1cd8d09220d','82.161.69.199','Mozilla/5.0 (Macintosh; Intel Mac OS X 10_9_4) AppleWebKit/537.36 (KHTML, like Gecko) Chrome/35.0.1916.153 Safari/537.36',1405941257,''),
	('9d1b1e52e0cad9bd3269d62507a2bed4','221.122.66.199','0',1405935101,''),
	('8e15bc10dc98594b2b863d98bfa06cb4','221.122.66.199','0',1405935101,''),
	('9ab7a238562338fe25007660a8b48983','83.160.149.24','Mozilla/5.0 (Macintosh; Intel Mac OS X 10_9_4) AppleWebKit/537.36 (KHTML, like Gecko) Chrome/35.0.1916.153 Safari/537.36',1405945828,''),
	('ab14713950fce7639435296ca8007eab','82.161.69.199','Mozilla/5.0 (Macintosh; Intel Mac OS X 10_9_4) AppleWebKit/537.36 (KHTML, like Gecko) Chrome/35.0.1916.153 Safari/537.36',1406032900,''),
	('891226c50c1602a3504197beccf2660f','82.221.109.194','0',1405945632,''),
	('0cf82ff78719ae974a312ff4af6de689','82.221.109.194','0',1405945632,''),
	('7c904749288f0cdbe3385a24a1964ccf','83.160.149.24','Mozilla/5.0 (Macintosh; Intel Mac OS X 10_9_4) AppleWebKit/537.36 (KHTML, like Gecko) Chrome/35.0.1916.153 Safari/537.36',1405945828,''),
	('7c585af4850b309581b97473200f06e7','83.160.149.24','Mozilla/5.0 (Macintosh; Intel Mac OS X 10_9_4) AppleWebKit/537.36 (KHTML, like Gecko) Chrome/35.0.1916.153 Safari/537.36',1405945828,''),
	('e4449567a17245039087a2227145ca52','83.160.149.24','Mozilla/5.0 (Macintosh; Intel Mac OS X 10_9_4) AppleWebKit/537.36 (KHTML, like Gecko) Chrome/35.0.1916.153 Safari/537.36',1405953084,''),
	('7b707998652a150459a3cc8f9b7c4047','74.207.252.212','research-scanner/1.0 (www.internetscanningproject.org)',1405947547,''),
	('e5f6e0af3f6c1fde2647d8907fc2232e','74.207.252.212','research-scanner/1.0 (www.internetscanningproject.org)',1405947547,''),
	('ee0b959b2497f79d15ed51601ce66c30','82.221.109.194','Python-urllib/2.7',1405948190,''),
	('3fdd2ef0de9cff09d8a6da93ddc1c240','82.221.109.194','Python-urllib/2.7',1405948190,''),
	('8d50e9e8a075848906f96856935c3d9e','83.160.149.24','Mozilla/5.0 (Macintosh; Intel Mac OS X 10_9_4) AppleWebKit/537.36 (KHTML, like Gecko) Chrome/35.0.1916.153 Safari/537.36',1405960327,''),
	('f381892825362a7680582a002bd6f41c','83.160.149.24','Mozilla/5.0 (Macintosh; Intel Mac OS X 10_9_4) AppleWebKit/537.36 (KHTML, like Gecko) Chrome/35.0.1916.153 Safari/537.36',1405967576,''),
	('fcf8708c7714d71270ab2bc28409da63','74.207.252.212','research-scanner/1.0 (www.internetscanningproject.org)',1405966954,''),
	('a082bd9ab6c439b3eccb8636606fbb4d','74.207.252.212','research-scanner/1.0 (www.internetscanningproject.org)',1405966954,''),
	('1495cf6e1a25391587d4a24b5cc2c54a','83.160.149.24','Mozilla/5.0 (Macintosh; Intel Mac OS X 10_9_4) AppleWebKit/537.36 (KHTML, like Gecko) Chrome/35.0.1916.153 Safari/537.36',1405974825,''),
	('e9ecfe16bd610d975be824799f673a3c','83.160.149.24','Mozilla/5.0 (Macintosh; Intel Mac OS X 10_9_4) AppleWebKit/537.36 (KHTML, like Gecko) Chrome/35.0.1916.153 Safari/537.36',1405982030,''),
	('4564770d544cad398d9a888281e4d42d','83.160.149.24','Mozilla/5.0 (Macintosh; Intel Mac OS X 10_9_4) AppleWebKit/537.36 (KHTML, like Gecko) Chrome/35.0.1916.153 Safari/537.36',1405989239,''),
	('4570f83be6ae46c5513f4ac6ff7a473a','83.160.149.24','Mozilla/5.0 (Macintosh; Intel Mac OS X 10_9_4) AppleWebKit/537.36 (KHTML, like Gecko) Chrome/35.0.1916.153 Safari/537.36',1405996449,''),
	('9eec7bd103bb05ddb84c062560250e78','54.186.179.166','Mozilla/4.0 (compatible; MSIE 6.0; Windows NT 5.1; SV1; InfoPath.2)',1405990933,''),
	('75efd47e862bea2731c2b2fdd40e2b16','54.186.179.166','Mozilla/4.0 (compatible; MSIE 6.0; Windows NT 5.1; SV1; InfoPath.2)',1405990933,''),
	('fc9a6287e797c289bf7219c47e1ca8fc','83.160.149.24','Mozilla/5.0 (Macintosh; Intel Mac OS X 10_9_4) AppleWebKit/537.36 (KHTML, like Gecko) Chrome/35.0.1916.153 Safari/537.36',1406003659,''),
	('1b6bc6bf2c041ca5ca99913a79e8aa21','83.160.149.24','Mozilla/5.0 (Macintosh; Intel Mac OS X 10_9_4) AppleWebKit/537.36 (KHTML, like Gecko) Chrome/35.0.1916.153 Safari/537.36',1406010878,''),
	('b9267d90fc8bec923b29c6fbcd3fb4cc','83.160.149.24','Mozilla/5.0 (Macintosh; Intel Mac OS X 10_9_4) AppleWebKit/537.36 (KHTML, like Gecko) Chrome/35.0.1916.153 Safari/537.36',1406018079,''),
	('4d628279ab98e2888fc96206f47dcad8','192.81.131.15','research-scanner/1.0 (www.internetscanningproject.org)',1406013022,''),
	('35c2b4072bff422b60cd50972aee9808','192.81.131.15','research-scanner/1.0 (www.internetscanningproject.org)',1406013022,''),
	('c917d7501acb1c37e13ebede40496bac','173.230.156.31','research-scanner/1.0 (www.internetscanningproject.org)',1406017917,''),
	('ca343d6c9ffc01b657b737d26a1167c0','173.230.156.31','research-scanner/1.0 (www.internetscanningproject.org)',1406017917,''),
	('ce04c6459d6d36f17a2d8d59b07ab28e','83.160.149.24','Mozilla/5.0 (Macintosh; Intel Mac OS X 10_9_4) AppleWebKit/537.36 (KHTML, like Gecko) Chrome/35.0.1916.153 Safari/537.36',1406025280,''),
	('a6e10fb3fae57620d917a6b0c3410825','83.160.149.24','Mozilla/5.0 (Macintosh; Intel Mac OS X 10_9_4) AppleWebKit/537.36 (KHTML, like Gecko) Chrome/35.0.1916.153 Safari/537.36',1406032489,''),
	('0a2510ec462f87a28a0b9656ce47f220','83.160.149.24','Mozilla/5.0 (Macintosh; Intel Mac OS X 10_9_4) AppleWebKit/537.36 (KHTML, like Gecko) Chrome/35.0.1916.153 Safari/537.36',1406039699,''),
	('975fd6cef7cf7d048d2bcb9386f316a3','82.161.69.199','Mozilla/5.0 (Macintosh; Intel Mac OS X 10_9_4) AppleWebKit/537.36 (KHTML, like Gecko) Chrome/36.0.1985.125 Safari/537.36',1406040106,''),
	('7671ff002a7acc98c8d2426c70279942','83.160.149.24','Mozilla/5.0 (Macintosh; Intel Mac OS X 10_9_4) AppleWebKit/537.36 (KHTML, like Gecko) Chrome/35.0.1916.153 Safari/537.36',1406046909,''),
	('af981eb83124766ce480d41c0cae7397','82.161.69.199','Mozilla/5.0 (Macintosh; Intel Mac OS X 10_9_4) AppleWebKit/537.36 (KHTML, like Gecko) Chrome/36.0.1985.125 Safari/537.36',1406099218,''),
	('55ef622878428a8539538ec127f01025','183.60.48.25','0',1406043683,''),
	('d4bf1caf5f53a6f18e17d66e97654c41','183.60.48.25','0',1406043683,''),
	('7a9d42321fd8e262f6819efd0aa6900c','83.160.149.24','Mozilla/5.0 (Macintosh; Intel Mac OS X 10_9_4) AppleWebKit/537.36 (KHTML, like Gecko) Chrome/35.0.1916.153 Safari/537.36',1406054110,''),
	('ea492364a52c83f42ce8ef4819c0bf96','83.160.149.24','Mozilla/5.0 (Macintosh; Intel Mac OS X 10_9_4) AppleWebKit/537.36 (KHTML, like Gecko) Chrome/35.0.1916.153 Safari/537.36',1406061311,''),
	('2f11ef11150d2fa2a06d4ab82d016cc2','83.160.149.24','Mozilla/5.0 (Macintosh; Intel Mac OS X 10_9_4) AppleWebKit/537.36 (KHTML, like Gecko) Chrome/35.0.1916.153 Safari/537.36',1406313994,''),
	('0f9144c68a3f5d0d68b4ae4d066e02b3','82.161.69.199','Mozilla/5.0 (Macintosh; Intel Mac OS X 10_9_4) AppleWebKit/537.36 (KHTML, like Gecko) Chrome/36.0.1985.125 Safari/537.36',1406106428,''),
	('16151b61718e9501b05353ec8b9cc3b9','193.174.89.19','Mozilla/5.0 (compatible; Muenster University of Applied Sciences; +http://fb02itsscan.fh-muenster.de)',1406100441,''),
	('38b3b8af924c8c7f0ea95383b91e2fd6','193.174.89.19','Mozilla/5.0 (compatible; Muenster University of Applied Sciences; +http://fb02itsscan.fh-muenster.de)',1406100441,''),
	('e381250bacfc00892b32b11205530448','82.161.69.199','Mozilla/5.0 (Macintosh; Intel Mac OS X 10_9_4) AppleWebKit/537.36 (KHTML, like Gecko) Chrome/36.0.1985.125 Safari/537.36',1406113630,''),
	('34f4eeb8cf1da7cfef65a1511e36c652','190.242.96.227','0',1406107542,''),
	('cd707fa61893b5e99ab06ffafacd0461','190.242.96.227','0',1406107542,''),
	('b83ab0e85430ebe5111b75e80cb06ba7','82.161.69.199','Mozilla/5.0 (Macintosh; Intel Mac OS X 10_9_4) AppleWebKit/537.36 (KHTML, like Gecko) Chrome/36.0.1985.125 Safari/537.36',1406120838,'a:2:{s:9:\"user_data\";s:0:\"\";s:4:\"user\";a:6:{s:7:\"user_id\";s:1:\"1\";s:11:\"user_active\";s:1:\"1\";s:10:\"user_email\";s:14:\"sander@sb-a.nl\";s:8:\"user_acl\";s:1:\"2\";s:10:\"user_fname\";s:6:\"Sander\";s:10:\"user_lname\";s:7:\"Brouwer\";}}'),
	('411b1764a83c007b718a7dca0a2ac5c8','82.161.69.199','Mozilla/5.0 (Windows NT 6.1; WOW64) AppleWebKit/537.36 (KHTML, like Gecko) Chrome/36.0.1985.125 Safari/537.36',1406117513,''),
	('043875bd65c4685009370240dffa8686','82.161.69.199','Mozilla/5.0 (Windows NT 6.1; WOW64) AppleWebKit/537.36 (KHTML, like Gecko) Chrome/36.0.1985.125 Safari/537.36',1406117513,'a:2:{s:9:\"user_data\";s:0:\"\";s:4:\"user\";a:6:{s:7:\"user_id\";s:1:\"1\";s:11:\"user_active\";s:1:\"1\";s:10:\"user_email\";s:14:\"sander@sb-a.nl\";s:8:\"user_acl\";s:1:\"2\";s:10:\"user_fname\";s:6:\"Sander\";s:10:\"user_lname\";s:7:\"Brouwer\";}}'),
	('883bfe0c85b1d79e1da34fa64d6df27e','82.161.69.199','Mozilla/5.0 (Macintosh; Intel Mac OS X 10_9_4) AppleWebKit/537.36 (KHTML, like Gecko) Chrome/36.0.1985.125 Safari/537.36',1406128043,''),
	('950e212170a1eed51e2bd256901f125b','82.161.69.199','Mozilla/5.0 (Macintosh; Intel Mac OS X 10_9_4) AppleWebKit/537.36 (KHTML, like Gecko) Chrome/36.0.1985.125 Safari/537.36',1406128043,''),
	('450428a2796ee45e93f392ceed9e3c94','74.207.252.212','research-scanner/1.0 (www.internetscanningproject.org)',1406128428,''),
	('c2a6115412bc4c89832b4962112d9790','74.207.252.212','research-scanner/1.0 (www.internetscanningproject.org)',1406128428,''),
	('f66a743fa2472a021d1578347c2a0f44','173.230.156.31','research-scanner/1.0 (www.internetscanningproject.org)',1406140369,''),
	('ec046b3ae44e219418066c302571fc2d','173.230.156.31','research-scanner/1.0 (www.internetscanningproject.org)',1406140369,''),
	('3681e5bebaa51063102bf9300a3f4d3a','222.76.242.219','Mozilla/5.0 (Windows NT 5.1; rv:5.0) Gecko/20100101 Firefox/5.0',1406156946,''),
	('f753e33c187e7d5b65f2bf8c03ab5837','222.76.242.219','Mozilla/5.0 (Windows NT 5.1; rv:5.0) Gecko/20100101 Firefox/5.0',1406156946,''),
	('e0220307aa025f5e80086e2a98000ee6','124.160.193.67','Mozilla/5.0 (Windows NT 5.1; rv:5.0) Gecko/20100101 Firefox/5.0',1406169334,''),
	('84b176954b423df2fa61557cbbde378b','124.160.193.67','Mozilla/5.0 (Windows NT 5.1; rv:5.0) Gecko/20100101 Firefox/5.0',1406169334,''),
	('eee2243432bd15c8aef49c79965b47c1','173.230.156.31','research-scanner/1.0 (www.internetscanningproject.org)',1406176935,''),
	('d9ea9cb49f175aefa3b79346433c2126','173.230.156.31','research-scanner/1.0 (www.internetscanningproject.org)',1406176935,''),
	('913cdec36722cacf3dccb164c4d220c1','131.155.199.102','Mozilla/5.0 (Macintosh; Intel Mac OS X 10_9_4) AppleWebKit/537.36 (KHTML, like Gecko) Chrome/36.0.1985.125 Safari/537.36',1406180364,''),
	('a409eb9a90b9c7f614e80b22242cdcf7','131.155.199.102','Mozilla/5.0 (Macintosh; Intel Mac OS X 10_9_4) AppleWebKit/537.36 (KHTML, like Gecko) Chrome/36.0.1985.125 Safari/537.36',1406187574,''),
	('9d028b3db236b1ea41b0119a0e112f5e','131.155.199.102','Mozilla/5.0 (Macintosh; Intel Mac OS X 10_9_4) AppleWebKit/537.36 (KHTML, like Gecko) Chrome/36.0.1985.125 Safari/537.36',1406187574,''),
	('a712eea4db7c8143d762870502fccec9','131.155.220.191','Mozilla/5.0 (Macintosh; Intel Mac OS X 10_9_4) AppleWebKit/537.36 (KHTML, like Gecko) Chrome/36.0.1985.125 Safari/537.36',1406189106,''),
	('cd7aca10485a37ed20e2760ed1bcf703','131.155.220.191','Mozilla/5.0 (Macintosh; Intel Mac OS X 10_9_4) AppleWebKit/537.36 (KHTML, like Gecko) Chrome/36.0.1985.125 Safari/537.36',1406189106,''),
	('66c69ce0a1e829327840b3aa64033cac','66.240.236.119','0',1406197610,''),
	('274d4710d615069ed6a64dbad4179fb9','66.240.236.119','0',1406197610,''),
	('13b47f1668f515ab35ec04bc68317b20','82.161.69.199','Mozilla/5.0 (Macintosh; Intel Mac OS X 10_9_4) AppleWebKit/537.36 (KHTML, like Gecko) Chrome/36.0.1985.125 Safari/537.36',1406199089,''),
	('f074cd853715fc1ee81b156f8e4ed2d4','82.161.69.199','Mozilla/5.0 (Macintosh; Intel Mac OS X 10_9_4) AppleWebKit/537.36 (KHTML, like Gecko) Chrome/36.0.1985.125 Safari/537.36',1406206297,''),
	('6e1e4677d1b236f071ad5edad5509dd4','82.161.69.199','Mozilla/5.0 (Macintosh; Intel Mac OS X 10_9_4) AppleWebKit/537.36 (KHTML, like Gecko) Chrome/36.0.1985.125 Safari/537.36',1406213506,''),
	('acbb70f7ba8749f381b62a1f8608630f','82.161.69.199','Mozilla/5.0 (Macintosh; Intel Mac OS X 10_9_4) AppleWebKit/537.36 (KHTML, like Gecko) Chrome/36.0.1985.125 Safari/537.36',1406273589,''),
	('c5732c3ea52ff86bb92130d0ce5a0e26','192.81.131.15','research-scanner/1.0 (www.internetscanningproject.org)',1406221678,''),
	('be3465264b1dd4748b76d5e3412db03e','192.81.131.15','research-scanner/1.0 (www.internetscanningproject.org)',1406221678,''),
	('20c526a28ffe7e4c06d4b38ecc13e0b2','184.154.150.120','0',1406261466,''),
	('765c94ea04363f2438d47e49aca79e1b','184.154.150.120','0',1406261466,''),
	('8ccfa94d37d5621704e751b46d25c618','184.154.150.120','0',1406261466,''),
	('98065a269b6a12ef0a11709857706261','184.154.150.120','0',1406261466,''),
	('e2a6de89cc25991ab8320b520f58ba1f','184.154.150.120','0',1406261467,''),
	('7f6b063c718bf951e9e314f1f96aa26f','184.154.150.120','0',1406261467,''),
	('1b9285655c3b80379c9720d8bcee1268','173.230.156.31','research-scanner/1.0 (www.internetscanningproject.org)',1406267251,''),
	('fb2357eb2e80ff17b6a1c8abc7d0ccf2','173.230.156.31','research-scanner/1.0 (www.internetscanningproject.org)',1406267251,''),
	('3779043fcb4128968c40279f63be898e','61.156.31.52','Mozilla/3.0 (compatible; Indy Library)',1406271297,''),
	('27dc6db3f49ccd23a3ea36bddca2eea4','61.156.31.52','Mozilla/3.0 (compatible; Indy Library)',1406271297,''),
	('ee97dd4268161c46ee1c98dae24d2100','82.161.69.199','Mozilla/5.0 (Macintosh; Intel Mac OS X 10_9_4) AppleWebKit/537.36 (KHTML, like Gecko) Chrome/36.0.1985.125 Safari/537.36',1406280796,''),
	('a52c9e43d2eebe3c1be3bc6cfb2483e0','173.255.223.118','research-scanner/1.0 (www.internetscanningproject.org)',1406277085,''),
	('dd2e8084e66cc9130c4e3af07270a44e','173.255.223.118','research-scanner/1.0 (www.internetscanningproject.org)',1406277085,''),
	('18d0410c5f71b7babae5c81b2992f24b','82.161.69.199','Mozilla/5.0 (Macintosh; Intel Mac OS X 10_9_4) AppleWebKit/537.36 (KHTML, like Gecko) Chrome/36.0.1985.125 Safari/537.36',1406288004,''),
	('18cd556378fcc0036bacda941378c581','192.81.131.15','research-scanner/1.0 (www.internetscanningproject.org)',1406285394,''),
	('8991aae8b9466eb5deb23a473789f674','192.81.131.15','research-scanner/1.0 (www.internetscanningproject.org)',1406285394,''),
	('fca359d4114b1aca802719cbc24e5367','82.161.69.199','Mozilla/5.0 (Macintosh; Intel Mac OS X 10_9_4) AppleWebKit/537.36 (KHTML, like Gecko) Chrome/36.0.1985.125 Safari/537.36',1406295205,''),
	('6887a65773da3b99a9e4745d08626ba3','85.17.131.209','Mozilla/5.0 (X11; Linux x86_64) AppleWebKit/537.31 (KHTML, like Gecko) Chrome/26.0.1410.63 Safari/537.31',1406293983,''),
	('19742ef54bfc3a4fd77310001a97aa80','85.17.131.209','Mozilla/5.0 (X11; Linux x86_64) AppleWebKit/537.31 (KHTML, like Gecko) Chrome/26.0.1410.63 Safari/537.31',1406293983,''),
	('e69db39f61b697f256083316238fb000','85.17.131.209','Mozilla/5.0 (X11; Linux x86_64) AppleWebKit/537.31 (KHTML, like Gecko) Chrome/26.0.1410.63 Safari/537.31',1406293983,''),
	('82f4d88c5c1f1c0b8c7336fc9759a4b0','85.17.131.209','Mozilla/5.0 (X11; Linux x86_64) AppleWebKit/537.31 (KHTML, like Gecko) Chrome/26.0.1410.63 Safari/537.31',1406293983,''),
	('ea9f995de45b927c10559a17cdb0483a','54.208.147.247','LoadImpactPageAnalyzer/1.3.0 (Load Impact; http://loadimpact.com/)',1406294133,''),
	('92a5a65adbbdd731efb2929741de7ebd','54.208.147.247','LoadImpactPageAnalyzer/1.3.0 (Load Impact; http://loadimpact.com/)',1406294133,''),
	('72e5418dc98a1f3852a0f3bbd3fff8ba','54.95.231.83','LoadImpactRload/3.0.3 (Load Impact; http://loadimpact.com);',1406294227,''),
	('0f522541785d645c0270bc31a4439bba','54.95.231.83','LoadImpactRload/3.0.3 (Load Impact; http://loadimpact.com);',1406294227,''),
	('de21fa7555b6f9f783a047a279aa9c50','54.95.231.83','LoadImpactRload/3.0.3 (Load Impact; http://loadimpact.com);',1406294227,''),
	('baaadd4d7bafec617373b99ed4fd801b','54.95.231.83','LoadImpactRload/3.0.3 (Load Impact; http://loadimpact.com);',1406294227,''),
	('95bd953f0c07e0201561cdedd06c3215','54.95.231.83','LoadImpactRload/3.0.3 (Load Impact; http://loadimpact.com);',1406294227,''),
	('1f5fa8963914b92a712f1220264fd2ff','54.95.231.83','LoadImpactRload/3.0.3 (Load Impact; http://loadimpact.com);',1406294227,''),
	('97d6a3cf793d8434f28fd5b0ae58e294','54.95.231.83','LoadImpactRload/3.0.3 (Load Impact; http://loadimpact.com);',1406294232,''),
	('387c9e045904809ab9e4644afdfdda12','54.95.231.83','LoadImpactRload/3.0.3 (Load Impact; http://loadimpact.com);',1406294232,''),
	('72d1a1a6aecde2441bbe4835602497f5','54.95.231.83','LoadImpactRload/3.0.3 (Load Impact; http://loadimpact.com);',1406294238,''),
	('a006d4626fcef68c499319de78335d43','54.95.231.83','LoadImpactRload/3.0.3 (Load Impact; http://loadimpact.com);',1406294238,''),
	('ecf4589fd823977e461dd3d1e89d3c8d','54.95.231.83','LoadImpactRload/3.0.3 (Load Impact; http://loadimpact.com);',1406294244,''),
	('4b41afd0364889857e006b7f9886d427','54.95.231.83','LoadImpactRload/3.0.3 (Load Impact; http://loadimpact.com);',1406294244,''),
	('1d30c381bf979629be4764bf07d8e75a','54.95.231.83','LoadImpactRload/3.0.3 (Load Impact; http://loadimpact.com);',1406294250,''),
	('95bda2ba6c5b13c967004f900bff2817','54.95.231.83','LoadImpactRload/3.0.3 (Load Impact; http://loadimpact.com);',1406294250,''),
	('4b99776571d81a0baac2d7e2e14ee0a7','54.95.231.83','LoadImpactRload/3.0.3 (Load Impact; http://loadimpact.com);',1406294256,''),
	('3edf520e0751f44ee9760a52cbbc851c','54.95.231.83','LoadImpactRload/3.0.3 (Load Impact; http://loadimpact.com);',1406294256,''),
	('1f88b509f40990e196027cc98c691d7f','54.95.231.83','LoadImpactRload/3.0.3 (Load Impact; http://loadimpact.com);',1406294260,''),
	('c20650c042c35e9a7035fc289969cb92','54.95.231.83','LoadImpactRload/3.0.3 (Load Impact; http://loadimpact.com);',1406294260,''),
	('e657345bd96af92d1984dd66e5b0eac2','54.95.231.83','LoadImpactRload/3.0.3 (Load Impact; http://loadimpact.com);',1406294261,''),
	('20d267cbdc74e0bb2ca86a3c26e726f7','54.95.231.83','LoadImpactRload/3.0.3 (Load Impact; http://loadimpact.com);',1406294261,''),
	('bd62c514808c2c51f71901537c719886','54.95.231.83','LoadImpactRload/3.0.3 (Load Impact; http://loadimpact.com);',1406294262,''),
	('9b3c04da04cbd1358c28471ffbed1315','54.95.231.83','LoadImpactRload/3.0.3 (Load Impact; http://loadimpact.com);',1406294262,''),
	('fe1828da29ece4f6af464d5e5ad9f07a','54.95.231.83','LoadImpactRload/3.0.3 (Load Impact; http://loadimpact.com);',1406294264,''),
	('ab612626741cd3d609a6e43a43fd0c00','54.95.231.83','LoadImpactRload/3.0.3 (Load Impact; http://loadimpact.com);',1406294264,''),
	('f1eb48f09d5a98a6b5757e864d3a9931','54.95.231.83','LoadImpactRload/3.0.3 (Load Impact; http://loadimpact.com);',1406294268,''),
	('acc70f3078c36f8ce277429d7c813a76','54.95.231.83','LoadImpactRload/3.0.3 (Load Impact; http://loadimpact.com);',1406294268,''),
	('3b42d4bd90a36947f88c498f3f76d4b1','54.95.231.83','LoadImpactRload/3.0.3 (Load Impact; http://loadimpact.com);',1406294269,''),
	('240bea3531d7abda457b4bc8e7849af1','54.95.231.83','LoadImpactRload/3.0.3 (Load Impact; http://loadimpact.com);',1406294269,''),
	('8d8e5edf9677ee607290a08835c60183','54.95.231.83','LoadImpactRload/3.0.3 (Load Impact; http://loadimpact.com);',1406294275,''),
	('0badf070f22e0fc9f955ea5a1e6169a8','54.95.231.83','LoadImpactRload/3.0.3 (Load Impact; http://loadimpact.com);',1406294275,''),
	('5422a7a93a39202a7427d96ccae47ef1','54.95.231.83','LoadImpactRload/3.0.3 (Load Impact; http://loadimpact.com);',1406294277,''),
	('f459125e876d72ed48241bf0b66064bd','54.95.231.83','LoadImpactRload/3.0.3 (Load Impact; http://loadimpact.com);',1406294277,''),
	('1fbe2b7d0bd4ecc69c1a04741bed34ca','54.95.231.83','LoadImpactRload/3.0.3 (Load Impact; http://loadimpact.com);',1406294281,''),
	('ab8d741320c353dca532d2b96948c28c','54.95.231.83','LoadImpactRload/3.0.3 (Load Impact; http://loadimpact.com);',1406294281,''),
	('d853a66b9bd4e31c89cd2c718e94a768','54.95.231.83','LoadImpactRload/3.0.3 (Load Impact; http://loadimpact.com);',1406294282,''),
	('a5003c14dcb8ee17fd9bbd993b52472c','54.95.231.83','LoadImpactRload/3.0.3 (Load Impact; http://loadimpact.com);',1406294282,''),
	('bc52e4f5fc1d879f2debe6cdb9d559e4','54.95.231.83','LoadImpactRload/3.0.3 (Load Impact; http://loadimpact.com);',1406294284,''),
	('b4b08a771ce8e8892d64592c7eaeca25','54.95.231.83','LoadImpactRload/3.0.3 (Load Impact; http://loadimpact.com);',1406294284,''),
	('bd58eaef0dcf0dfc9c986e8ec85a61f9','54.95.231.83','LoadImpactRload/3.0.3 (Load Impact; http://loadimpact.com);',1406294286,''),
	('047b5b20983b6ca0deb63141aeaa61ef','54.95.231.83','LoadImpactRload/3.0.3 (Load Impact; http://loadimpact.com);',1406294286,''),
	('e714469b30f0147daedcdc58532b4c90','54.95.231.83','LoadImpactRload/3.0.3 (Load Impact; http://loadimpact.com);',1406294287,''),
	('0e41726675d4343923dc11f40eab2139','54.95.231.83','LoadImpactRload/3.0.3 (Load Impact; http://loadimpact.com);',1406294287,''),
	('b2bc0280bdeaa96dc2a4578000bb8207','54.95.231.83','LoadImpactRload/3.0.3 (Load Impact; http://loadimpact.com);',1406294287,''),
	('4d7c3c0dc7abd40b098c59acb0acfb7c','54.95.231.83','LoadImpactRload/3.0.3 (Load Impact; http://loadimpact.com);',1406294287,''),
	('8c396d7025f3a9c0d56c59bc430d591f','54.95.231.83','LoadImpactRload/3.0.3 (Load Impact; http://loadimpact.com);',1406294289,''),
	('5948702787c469e3bf40a11cc7ff60a9','54.95.231.83','LoadImpactRload/3.0.3 (Load Impact; http://loadimpact.com);',1406294289,''),
	('d0d12cb0bab88e4458de83dec62bf956','54.95.231.83','LoadImpactRload/3.0.3 (Load Impact; http://loadimpact.com);',1406294294,''),
	('730329766b5d042bb752b97bf676e44d','54.95.231.83','LoadImpactRload/3.0.3 (Load Impact; http://loadimpact.com);',1406294294,''),
	('e8c865b0fb5f9d8298caa1cd973a8319','54.95.231.83','LoadImpactRload/3.0.3 (Load Impact; http://loadimpact.com);',1406294297,''),
	('a2168c1a4f6af2680b8ec91ae6883001','54.95.231.83','LoadImpactRload/3.0.3 (Load Impact; http://loadimpact.com);',1406294297,''),
	('a97de9c6be6fe6c8ad63e480dff91361','54.95.231.83','LoadImpactRload/3.0.3 (Load Impact; http://loadimpact.com);',1406294298,''),
	('0c6b0a7b89d728fe99f92f0c49143fc5','54.95.231.83','LoadImpactRload/3.0.3 (Load Impact; http://loadimpact.com);',1406294298,''),
	('ba4e852c8829f0a5e09198b0bd417cc6','54.95.231.83','LoadImpactRload/3.0.3 (Load Impact; http://loadimpact.com);',1406294299,''),
	('a17f2fe1fa5925db2f3994823e08ee0b','54.95.231.83','LoadImpactRload/3.0.3 (Load Impact; http://loadimpact.com);',1406294299,''),
	('8862d5104857b30869b6736b5c445dc9','54.95.231.83','LoadImpactRload/3.0.3 (Load Impact; http://loadimpact.com);',1406294303,''),
	('aa59f79b73043ae1dd0cda1514532a8d','54.95.231.83','LoadImpactRload/3.0.3 (Load Impact; http://loadimpact.com);',1406294303,''),
	('1da8cb67f5e8dd7bac418b0bcc074ef2','54.95.231.83','LoadImpactRload/3.0.3 (Load Impact; http://loadimpact.com);',1406294305,''),
	('5c28fa612c6c8a378fa5f6f3ad3da3c5','54.95.231.83','LoadImpactRload/3.0.3 (Load Impact; http://loadimpact.com);',1406294305,''),
	('049664d5795b0765c965799846890c37','54.95.231.83','LoadImpactRload/3.0.3 (Load Impact; http://loadimpact.com);',1406294309,''),
	('c6f84bfc995075d66b71dc0e4d84b26f','54.95.231.83','LoadImpactRload/3.0.3 (Load Impact; http://loadimpact.com);',1406294309,''),
	('852c03316c60c98149e49b4140e11df4','54.95.231.83','LoadImpactRload/3.0.3 (Load Impact; http://loadimpact.com);',1406294311,''),
	('9554ef56e773d414922c0dd0a5bfd2c3','54.95.231.83','LoadImpactRload/3.0.3 (Load Impact; http://loadimpact.com);',1406294311,''),
	('6326a3e2bc3076882f0f9e2cdd35e334','54.95.231.83','LoadImpactRload/3.0.3 (Load Impact; http://loadimpact.com);',1406294313,''),
	('1e9bec630f73b1e28127296e2218f3c1','54.95.231.83','LoadImpactRload/3.0.3 (Load Impact; http://loadimpact.com);',1406294313,''),
	('c8efaf7dd3ef74006358741022a283d7','54.95.231.83','LoadImpactRload/3.0.3 (Load Impact; http://loadimpact.com);',1406294315,''),
	('644bcdbbf2b66c01e847da38e531d617','54.95.231.83','LoadImpactRload/3.0.3 (Load Impact; http://loadimpact.com);',1406294315,''),
	('c91436c84771b14dcbc58a70226e939b','54.95.231.83','LoadImpactRload/3.0.3 (Load Impact; http://loadimpact.com);',1406294317,''),
	('df6e3c347d49c8777aac72df919a00bb','54.95.231.83','LoadImpactRload/3.0.3 (Load Impact; http://loadimpact.com);',1406294317,''),
	('d96e30641d2d61eb9dc029cd03310cf9','54.95.231.83','LoadImpactRload/3.0.3 (Load Impact; http://loadimpact.com);',1406294318,''),
	('2c060bebcc155349046d5776e0b53a06','54.95.231.83','LoadImpactRload/3.0.3 (Load Impact; http://loadimpact.com);',1406294318,''),
	('16d9a81deeb18f49ebc0061795e38db5','54.95.231.83','LoadImpactRload/3.0.3 (Load Impact; http://loadimpact.com);',1406294321,''),
	('9c5fa6d7c67d69b4355f07687ec81f5e','54.95.231.83','LoadImpactRload/3.0.3 (Load Impact; http://loadimpact.com);',1406294321,''),
	('2fcb2f088e14a63c74b7d15f76aadc2e','54.95.231.83','LoadImpactRload/3.0.3 (Load Impact; http://loadimpact.com);',1406294323,''),
	('17df6f9b8e5c5dc461021907edbd533a','54.95.231.83','LoadImpactRload/3.0.3 (Load Impact; http://loadimpact.com);',1406294323,''),
	('83f0fa5d31f8f22736043e5f8fac6257','54.95.231.83','LoadImpactRload/3.0.3 (Load Impact; http://loadimpact.com);',1406294324,''),
	('409853607d7cbc18c02a58bf8bb6e814','54.95.231.83','LoadImpactRload/3.0.3 (Load Impact; http://loadimpact.com);',1406294324,''),
	('4952637f8d1ad0210b674ae367593489','54.95.231.83','LoadImpactRload/3.0.3 (Load Impact; http://loadimpact.com);',1406294327,''),
	('c34208ee2b59959fc0b000ccf80d9b74','54.95.231.83','LoadImpactRload/3.0.3 (Load Impact; http://loadimpact.com);',1406294327,''),
	('c39f200eebdc871750a2e49de2253821','54.95.231.83','LoadImpactRload/3.0.3 (Load Impact; http://loadimpact.com);',1406294330,''),
	('b2589a0ec755f9966cd3c47e7896d6b6','54.95.231.83','LoadImpactRload/3.0.3 (Load Impact; http://loadimpact.com);',1406294330,''),
	('e809086a438ebdf997022be949361627','54.95.231.83','LoadImpactRload/3.0.3 (Load Impact; http://loadimpact.com);',1406294330,''),
	('1e26c2c8435a59cfe33026bb3550bc0d','54.95.231.83','LoadImpactRload/3.0.3 (Load Impact; http://loadimpact.com);',1406294330,''),
	('245448be8adf362140c191855a869eee','54.95.231.83','LoadImpactRload/3.0.3 (Load Impact; http://loadimpact.com);',1406294333,''),
	('148871c192681f2862b723811891d7d5','54.95.231.83','LoadImpactRload/3.0.3 (Load Impact; http://loadimpact.com);',1406294333,''),
	('3ab1a07168130f7dea1e5526e6c1b393','54.95.231.83','LoadImpactRload/3.0.3 (Load Impact; http://loadimpact.com);',1406294334,''),
	('20e0a0af93ceac075358f7951b6b262b','54.95.231.83','LoadImpactRload/3.0.3 (Load Impact; http://loadimpact.com);',1406294334,''),
	('8edb66696ee13d40e98a14ee9f910dce','54.95.231.83','LoadImpactRload/3.0.3 (Load Impact; http://loadimpact.com);',1406294334,''),
	('1ab0f78a1b9ea4bfe3eeb902da0df6e4','54.95.231.83','LoadImpactRload/3.0.3 (Load Impact; http://loadimpact.com);',1406294334,''),
	('8a8570d086b2ec60665e62e6d076e363','54.95.231.83','LoadImpactRload/3.0.3 (Load Impact; http://loadimpact.com);',1406294336,''),
	('26e2afd1ba363a43703b3fc7cfcf1114','54.95.231.83','LoadImpactRload/3.0.3 (Load Impact; http://loadimpact.com);',1406294336,''),
	('e509e9617f40ff15cf9a676d4797d8f7','54.95.231.83','LoadImpactRload/3.0.3 (Load Impact; http://loadimpact.com);',1406294336,''),
	('a02e58e431f4e6e05ebb85aff51a6ffa','54.95.231.83','LoadImpactRload/3.0.3 (Load Impact; http://loadimpact.com);',1406294336,''),
	('db99cf980f6edacf3a5a015dc175328a','54.95.231.83','LoadImpactRload/3.0.3 (Load Impact; http://loadimpact.com);',1406294339,''),
	('0da0f4d3076aa78e2dbfef01c5388ed6','54.95.231.83','LoadImpactRload/3.0.3 (Load Impact; http://loadimpact.com);',1406294339,''),
	('1df95e4832e27b847d0cefb1b3bef287','54.95.231.83','LoadImpactRload/3.0.3 (Load Impact; http://loadimpact.com);',1406294340,''),
	('6e5d34ebd49d62329e13e5507d19999e','54.95.231.83','LoadImpactRload/3.0.3 (Load Impact; http://loadimpact.com);',1406294340,''),
	('77d8b2ad2c805a8ca19b7ef155d493d6','54.95.231.83','LoadImpactRload/3.0.3 (Load Impact; http://loadimpact.com);',1406294340,''),
	('9897bf86821bb6f78db1ba76308e1a11','54.95.231.83','LoadImpactRload/3.0.3 (Load Impact; http://loadimpact.com);',1406294340,''),
	('0554fb4c020749225f3bdf80547f2bba','54.95.231.83','LoadImpactRload/3.0.3 (Load Impact; http://loadimpact.com);',1406294341,''),
	('ebdb85b90ac8d0630d34751a92292721','54.95.231.83','LoadImpactRload/3.0.3 (Load Impact; http://loadimpact.com);',1406294341,''),
	('13531484fc56450c6f0f9cd145a7986e','54.95.231.83','LoadImpactRload/3.0.3 (Load Impact; http://loadimpact.com);',1406294342,''),
	('96de0c8dddc59cf8da526e455cda14ea','54.95.231.83','LoadImpactRload/3.0.3 (Load Impact; http://loadimpact.com);',1406294342,''),
	('791b1244e9dd64c02cdecd6a7ff8a384','54.95.231.83','LoadImpactRload/3.0.3 (Load Impact; http://loadimpact.com);',1406294347,''),
	('357e735572d4b50882bfac6e0cd58d9a','54.95.231.83','LoadImpactRload/3.0.3 (Load Impact; http://loadimpact.com);',1406294347,''),
	('97ac362c53b28c1f8cf1db0f0c2b13cb','54.95.231.83','LoadImpactRload/3.0.3 (Load Impact; http://loadimpact.com);',1406294348,''),
	('87312217f6231336fc821aed88e02fc6','54.95.231.83','LoadImpactRload/3.0.3 (Load Impact; http://loadimpact.com);',1406294348,''),
	('74ee96f3ee77231ddd4123d655c75dad','54.95.231.83','LoadImpactRload/3.0.3 (Load Impact; http://loadimpact.com);',1406294349,''),
	('b329976df030c01b079e3b718b141dab','54.95.231.83','LoadImpactRload/3.0.3 (Load Impact; http://loadimpact.com);',1406294349,''),
	('53aca1577ed08874851d41486debeb88','54.95.231.83','LoadImpactRload/3.0.3 (Load Impact; http://loadimpact.com);',1406294350,''),
	('57b0df5ea98539bf0513e4e9dc0ff77d','54.95.231.83','LoadImpactRload/3.0.3 (Load Impact; http://loadimpact.com);',1406294350,''),
	('ffb22ec6801fd03940042bb0d206f6a3','54.95.231.83','LoadImpactRload/3.0.3 (Load Impact; http://loadimpact.com);',1406294352,''),
	('5d7d337f38fbddb73e7aed526c29af15','54.95.231.83','LoadImpactRload/3.0.3 (Load Impact; http://loadimpact.com);',1406294352,''),
	('82cbebe8d61d25c42135bd19b3f2c74b','54.95.231.83','LoadImpactRload/3.0.3 (Load Impact; http://loadimpact.com);',1406294354,''),
	('126748872dbe5caa998bc2c3dd178dcc','54.95.231.83','LoadImpactRload/3.0.3 (Load Impact; http://loadimpact.com);',1406294354,''),
	('1d36e5d1eb3f9e52429796b0bd0a3974','54.95.231.83','LoadImpactRload/3.0.3 (Load Impact; http://loadimpact.com);',1406294358,''),
	('c5c845f9d1b1a737fc9414e4dceeaf78','54.95.231.83','LoadImpactRload/3.0.3 (Load Impact; http://loadimpact.com);',1406294358,''),
	('55cb7c50d24b7cb0e648856d282d5ad5','54.95.231.83','LoadImpactRload/3.0.3 (Load Impact; http://loadimpact.com);',1406294359,''),
	('c23feee7e9e58fb5e89303e85a3da011','54.95.231.83','LoadImpactRload/3.0.3 (Load Impact; http://loadimpact.com);',1406294359,''),
	('c210086245a91d93dd2155be521ab8e1','54.95.231.83','LoadImpactRload/3.0.3 (Load Impact; http://loadimpact.com);',1406294360,''),
	('ce6f8d434ed04c45cb4aee46c81e0198','54.95.231.83','LoadImpactRload/3.0.3 (Load Impact; http://loadimpact.com);',1406294360,''),
	('2f1e5f81dab138fddde24f00d0ed204d','54.95.231.83','LoadImpactRload/3.0.3 (Load Impact; http://loadimpact.com);',1406294360,''),
	('34f36ba0a9c5f91af94aac18945433ee','54.95.231.83','LoadImpactRload/3.0.3 (Load Impact; http://loadimpact.com);',1406294360,''),
	('64874cfff909f39f498458881152ceb2','54.95.231.83','LoadImpactRload/3.0.3 (Load Impact; http://loadimpact.com);',1406294361,''),
	('574ba381b630a0a08912e9ae9c3bc3f9','54.95.231.83','LoadImpactRload/3.0.3 (Load Impact; http://loadimpact.com);',1406294361,''),
	('12d23fd0f1096823170ea238ab345ab4','54.95.231.83','LoadImpactRload/3.0.3 (Load Impact; http://loadimpact.com);',1406294362,''),
	('0b7c7db6defdd8ef897c0c29a52b1888','54.95.231.83','LoadImpactRload/3.0.3 (Load Impact; http://loadimpact.com);',1406294362,''),
	('6ac353163005537977d2c7ad91e31548','54.95.231.83','LoadImpactRload/3.0.3 (Load Impact; http://loadimpact.com);',1406294365,''),
	('45bd8e290c2799e2497484621e60d83f','54.95.231.83','LoadImpactRload/3.0.3 (Load Impact; http://loadimpact.com);',1406294365,''),
	('f2077c6008706291ba8bd4cfb14a5cbd','54.95.231.83','LoadImpactRload/3.0.3 (Load Impact; http://loadimpact.com);',1406294366,''),
	('99111ecb86843307691a3365e5de5641','54.95.231.83','LoadImpactRload/3.0.3 (Load Impact; http://loadimpact.com);',1406294366,''),
	('20130ce3bc9ff07ff020e0f2b380f45b','54.95.231.83','LoadImpactRload/3.0.3 (Load Impact; http://loadimpact.com);',1406294367,''),
	('1d58cfed08f0a954c1099e2dd045ffcb','54.95.231.83','LoadImpactRload/3.0.3 (Load Impact; http://loadimpact.com);',1406294367,''),
	('87ee3908cb82ce91d254b051a328a5ff','54.95.231.83','LoadImpactRload/3.0.3 (Load Impact; http://loadimpact.com);',1406294368,''),
	('1147ba2ab99bc06f4c6f6ca7e5c9b64b','54.95.231.83','LoadImpactRload/3.0.3 (Load Impact; http://loadimpact.com);',1406294368,''),
	('e9c2d3d858ed50aa7b0d259820c33a24','54.95.231.83','LoadImpactRload/3.0.3 (Load Impact; http://loadimpact.com);',1406294370,''),
	('55bb61b91361d2e59d09688835d42355','54.95.231.83','LoadImpactRload/3.0.3 (Load Impact; http://loadimpact.com);',1406294370,''),
	('355a9946a5c7c99a7755fd99f5806543','54.95.231.83','LoadImpactRload/3.0.3 (Load Impact; http://loadimpact.com);',1406294373,''),
	('62ff17d41091a7e7e72af9a9ddc1e757','54.95.231.83','LoadImpactRload/3.0.3 (Load Impact; http://loadimpact.com);',1406294373,''),
	('9c57eb3ef0b028c9262b56d7739108e6','54.95.231.83','LoadImpactRload/3.0.3 (Load Impact; http://loadimpact.com);',1406294373,''),
	('b0b12280e6b33a4c46a149714696fcc9','54.95.231.83','LoadImpactRload/3.0.3 (Load Impact; http://loadimpact.com);',1406294373,''),
	('fd01a6fbcd5f5c64af5929874814cbc8','54.95.231.83','LoadImpactRload/3.0.3 (Load Impact; http://loadimpact.com);',1406294373,''),
	('764313cbcacdf8a4ef727400b491f95e','54.95.231.83','LoadImpactRload/3.0.3 (Load Impact; http://loadimpact.com);',1406294373,''),
	('63bd97bfc30dcda19a60144bec0a259e','54.95.231.83','LoadImpactRload/3.0.3 (Load Impact; http://loadimpact.com);',1406294375,''),
	('fab1ff3d75bef571f4741fe60209a8c2','54.95.231.83','LoadImpactRload/3.0.3 (Load Impact; http://loadimpact.com);',1406294375,''),
	('a055f167b8642eaa8e25e5b2fc7c7c51','54.95.231.83','LoadImpactRload/3.0.3 (Load Impact; http://loadimpact.com);',1406294377,''),
	('f05b4e8448bfb29e640f18c10934d17e','54.95.231.83','LoadImpactRload/3.0.3 (Load Impact; http://loadimpact.com);',1406294377,''),
	('7a9dda072ffdd3aaa30f1c20cbb03142','54.95.231.83','LoadImpactRload/3.0.3 (Load Impact; http://loadimpact.com);',1406294378,''),
	('f1e36bbab82226c988c0e43de1bd8619','54.95.231.83','LoadImpactRload/3.0.3 (Load Impact; http://loadimpact.com);',1406294378,''),
	('dfe7a2f9d93afc9651db2a9c51a6f175','54.95.231.83','LoadImpactRload/3.0.3 (Load Impact; http://loadimpact.com);',1406294379,''),
	('a7ea467fd6ce5946c9772d2200fcdec8','54.95.231.83','LoadImpactRload/3.0.3 (Load Impact; http://loadimpact.com);',1406294379,''),
	('63bcd55b331e9bcffd80fbe2897ae848','54.95.231.83','LoadImpactRload/3.0.3 (Load Impact; http://loadimpact.com);',1406294380,''),
	('372a5fdb825f61d83995e7227a46100b','54.95.231.83','LoadImpactRload/3.0.3 (Load Impact; http://loadimpact.com);',1406294380,''),
	('545292279544b31234c3175681061e13','54.95.231.83','LoadImpactRload/3.0.3 (Load Impact; http://loadimpact.com);',1406294383,''),
	('f68aaeb9f1b2fc336190ce55c692d82c','54.95.231.83','LoadImpactRload/3.0.3 (Load Impact; http://loadimpact.com);',1406294383,''),
	('19b297d8a8aaccb415eaac2752666034','54.95.231.83','LoadImpactRload/3.0.3 (Load Impact; http://loadimpact.com);',1406294383,''),
	('fb164d3e9fe40240288fe64148b5cf96','54.95.231.83','LoadImpactRload/3.0.3 (Load Impact; http://loadimpact.com);',1406294383,''),
	('3812a4d986ff1a68170db83360d663c4','54.95.231.83','LoadImpactRload/3.0.3 (Load Impact; http://loadimpact.com);',1406294385,''),
	('19c90d2439c0608e2b25df97c13cfb9d','54.95.231.83','LoadImpactRload/3.0.3 (Load Impact; http://loadimpact.com);',1406294385,''),
	('4944d598412019113e5a5d4dd6f31e5a','54.95.231.83','LoadImpactRload/3.0.3 (Load Impact; http://loadimpact.com);',1406294385,''),
	('22e45570c645b65c5597a0a0fe7d8124','54.95.231.83','LoadImpactRload/3.0.3 (Load Impact; http://loadimpact.com);',1406294385,''),
	('9ace4fff30312232c5b76b3bde3eaecc','54.95.231.83','LoadImpactRload/3.0.3 (Load Impact; http://loadimpact.com);',1406294385,''),
	('5633e9adfd8115d533dbdaa5314527e7','54.95.231.83','LoadImpactRload/3.0.3 (Load Impact; http://loadimpact.com);',1406294385,''),
	('bf8360df546cb38ac6d7e7a705e2ce91','54.95.231.83','LoadImpactRload/3.0.3 (Load Impact; http://loadimpact.com);',1406294385,''),
	('32c2972ce0744c186914173ecf51573e','54.95.231.83','LoadImpactRload/3.0.3 (Load Impact; http://loadimpact.com);',1406294385,''),
	('5db230ead0ec774f8e3ee3e7bd9fdd67','54.95.231.83','LoadImpactRload/3.0.3 (Load Impact; http://loadimpact.com);',1406294386,''),
	('d8abb1075db70e644721360d720299ef','54.95.231.83','LoadImpactRload/3.0.3 (Load Impact; http://loadimpact.com);',1406294386,''),
	('a7a223de99ea9b2c51980a9a4ef364a5','54.95.231.83','LoadImpactRload/3.0.3 (Load Impact; http://loadimpact.com);',1406294387,''),
	('3078da1ebbf33bf980585ca2d4509d0c','54.95.231.83','LoadImpactRload/3.0.3 (Load Impact; http://loadimpact.com);',1406294387,''),
	('f6b836d00064ce51a9d29dfc41fb76e0','54.95.231.83','LoadImpactRload/3.0.3 (Load Impact; http://loadimpact.com);',1406294388,''),
	('f081c463ba58a4a24bc84c5578f3f49d','54.95.231.83','LoadImpactRload/3.0.3 (Load Impact; http://loadimpact.com);',1406294388,''),
	('0d6faa32fa7d5f92e39abe145731319b','54.95.231.83','LoadImpactRload/3.0.3 (Load Impact; http://loadimpact.com);',1406294389,''),
	('3c73e8255ae41e9d9a87ce009485a289','54.95.231.83','LoadImpactRload/3.0.3 (Load Impact; http://loadimpact.com);',1406294389,''),
	('e53b1c58011935ff90ae9d2ba909f6ec','54.95.231.83','LoadImpactRload/3.0.3 (Load Impact; http://loadimpact.com);',1406294389,''),
	('6372f0203994270850b879186b98f2d7','54.95.231.83','LoadImpactRload/3.0.3 (Load Impact; http://loadimpact.com);',1406294389,''),
	('6baa0f89e5a6e26a4718bf4df2e732be','54.95.231.83','LoadImpactRload/3.0.3 (Load Impact; http://loadimpact.com);',1406294390,''),
	('eb0110c8b54e78977c32ee3c4ad3339d','54.95.231.83','LoadImpactRload/3.0.3 (Load Impact; http://loadimpact.com);',1406294390,''),
	('56ee24591631684f765576c22b82e17d','54.95.231.83','LoadImpactRload/3.0.3 (Load Impact; http://loadimpact.com);',1406294391,''),
	('85dfe7acc08298a06b7499c5ad117793','54.95.231.83','LoadImpactRload/3.0.3 (Load Impact; http://loadimpact.com);',1406294391,''),
	('653424655b91d09e4d18a899e0d4a7ce','54.95.231.83','LoadImpactRload/3.0.3 (Load Impact; http://loadimpact.com);',1406294393,''),
	('7519229d64ce146f8cba5fdce3f8a23c','54.95.231.83','LoadImpactRload/3.0.3 (Load Impact; http://loadimpact.com);',1406294393,''),
	('8bcd8510e84ab67a631726b6fe4db3a7','54.95.231.83','LoadImpactRload/3.0.3 (Load Impact; http://loadimpact.com);',1406294395,''),
	('0b2f81927b8dd988dc0139090bdaffa7','54.95.231.83','LoadImpactRload/3.0.3 (Load Impact; http://loadimpact.com);',1406294395,''),
	('34ebc489da743bb9faed265bff4c60e1','54.95.231.83','LoadImpactRload/3.0.3 (Load Impact; http://loadimpact.com);',1406294395,''),
	('f7d81e3f98cba41505a0b6c9e648843e','54.95.231.83','LoadImpactRload/3.0.3 (Load Impact; http://loadimpact.com);',1406294395,''),
	('2739dd52c4a52d3dce4f97b507a64783','54.95.231.83','LoadImpactRload/3.0.3 (Load Impact; http://loadimpact.com);',1406294397,''),
	('205f3ed26c9c0683efba497260d5f034','54.95.231.83','LoadImpactRload/3.0.3 (Load Impact; http://loadimpact.com);',1406294397,''),
	('ad796489aacf2a34f6e3f7238525d39a','54.95.231.83','LoadImpactRload/3.0.3 (Load Impact; http://loadimpact.com);',1406294397,''),
	('922963f1a06635cbbb23c37e6f3327bd','54.95.231.83','LoadImpactRload/3.0.3 (Load Impact; http://loadimpact.com);',1406294397,''),
	('7bdf89cee09fb0f2950bcb2a2a02b267','54.95.231.83','LoadImpactRload/3.0.3 (Load Impact; http://loadimpact.com);',1406294397,''),
	('fa3feee14f5bcc276ff6887ab4b69bfb','54.95.231.83','LoadImpactRload/3.0.3 (Load Impact; http://loadimpact.com);',1406294397,''),
	('96b41cb090ff858390c89df8a5fe825f','54.95.231.83','LoadImpactRload/3.0.3 (Load Impact; http://loadimpact.com);',1406294403,''),
	('42be725540bc47b50e20b89b053ce9c5','54.95.231.83','LoadImpactRload/3.0.3 (Load Impact; http://loadimpact.com);',1406294403,''),
	('3c1d7fbfe0f81315313b4ade2ac1ecb4','54.95.231.83','LoadImpactRload/3.0.3 (Load Impact; http://loadimpact.com);',1406294404,''),
	('9d4a247056d31a5e82727772e7ab027c','54.95.231.83','LoadImpactRload/3.0.3 (Load Impact; http://loadimpact.com);',1406294404,''),
	('928d271b2f1293c3f7ddf073650b65f2','54.95.231.83','LoadImpactRload/3.0.3 (Load Impact; http://loadimpact.com);',1406294404,''),
	('55f7bd35927ec5b4005d88d291c522f7','54.95.231.83','LoadImpactRload/3.0.3 (Load Impact; http://loadimpact.com);',1406294404,''),
	('d7d20f4f89fe6c50028795cb7d84d56a','54.95.231.83','LoadImpactRload/3.0.3 (Load Impact; http://loadimpact.com);',1406294404,''),
	('ddf6ba5dad85bd0de740f9cb37cbbad6','54.95.231.83','LoadImpactRload/3.0.3 (Load Impact; http://loadimpact.com);',1406294404,''),
	('db8969bcd84c339e8905e29c3aea0227','54.95.231.83','LoadImpactRload/3.0.3 (Load Impact; http://loadimpact.com);',1406294405,''),
	('31e9f2535d154620b48a5002bab037e8','54.95.231.83','LoadImpactRload/3.0.3 (Load Impact; http://loadimpact.com);',1406294405,''),
	('ff9cf7ee9f542c7e90132f85ef24903f','54.95.231.83','LoadImpactRload/3.0.3 (Load Impact; http://loadimpact.com);',1406294405,''),
	('ee65462e16179838a05527da89ea993b','54.95.231.83','LoadImpactRload/3.0.3 (Load Impact; http://loadimpact.com);',1406294405,''),
	('57bcf93a07d34f9ee08030fbc2048c37','54.95.231.83','LoadImpactRload/3.0.3 (Load Impact; http://loadimpact.com);',1406294406,''),
	('1b29772ff12abccb3da87fc58928de32','54.95.231.83','LoadImpactRload/3.0.3 (Load Impact; http://loadimpact.com);',1406294406,''),
	('bff3c66545b21d6072fb7ded97409412','54.95.231.83','LoadImpactRload/3.0.3 (Load Impact; http://loadimpact.com);',1406294406,''),
	('c80400fc6cc23d572d0cbcb7c2c977ba','54.95.231.83','LoadImpactRload/3.0.3 (Load Impact; http://loadimpact.com);',1406294406,''),
	('564890c9e8fd0638049f2e362a886c91','54.95.231.83','LoadImpactRload/3.0.3 (Load Impact; http://loadimpact.com);',1406294408,''),
	('c180bb280291ca2b80422e835a03ad46','54.95.231.83','LoadImpactRload/3.0.3 (Load Impact; http://loadimpact.com);',1406294408,''),
	('1355f8cf975e158bbadb98c9503d4d57','54.95.231.83','LoadImpactRload/3.0.3 (Load Impact; http://loadimpact.com);',1406294409,''),
	('26d7d86b941c8270683a9ffa0e821ff4','54.95.231.83','LoadImpactRload/3.0.3 (Load Impact; http://loadimpact.com);',1406294409,''),
	('397e39f46b7ef5b5b3988aa1ecf15a79','54.95.231.83','LoadImpactRload/3.0.3 (Load Impact; http://loadimpact.com);',1406294413,''),
	('c0ea95373054ae9fd4bf96bd7f478227','54.95.231.83','LoadImpactRload/3.0.3 (Load Impact; http://loadimpact.com);',1406294413,''),
	('fa808c14f6e4739ec38fe794c2e1c7d5','54.95.231.83','LoadImpactRload/3.0.3 (Load Impact; http://loadimpact.com);',1406294415,''),
	('cbcf8f1539e794315e5a3cc3abf9b9a0','54.95.231.83','LoadImpactRload/3.0.3 (Load Impact; http://loadimpact.com);',1406294415,''),
	('e59606eae509872908920631b28f5274','54.95.231.83','LoadImpactRload/3.0.3 (Load Impact; http://loadimpact.com);',1406294416,''),
	('e3f91ad0570646f2f6cac22376432695','54.95.231.83','LoadImpactRload/3.0.3 (Load Impact; http://loadimpact.com);',1406294416,''),
	('c9736afb3096d0181ba287dac43e7424','54.95.231.83','LoadImpactRload/3.0.3 (Load Impact; http://loadimpact.com);',1406294417,''),
	('6d9e69eb2e5f6f6139e1ac5eeecfdff2','54.95.231.83','LoadImpactRload/3.0.3 (Load Impact; http://loadimpact.com);',1406294417,''),
	('bde0bdb95d3f73d7d5b01f1824914873','54.95.231.83','LoadImpactRload/3.0.3 (Load Impact; http://loadimpact.com);',1406294418,''),
	('caf02ed4a32cf62e4ce2b22a78ab8faf','54.95.231.83','LoadImpactRload/3.0.3 (Load Impact; http://loadimpact.com);',1406294418,''),
	('f67bf66c801210b2634c724f03a4b0e4','54.95.231.83','LoadImpactRload/3.0.3 (Load Impact; http://loadimpact.com);',1406294419,''),
	('5d2570ed04a910ab71c0f0376410d371','54.95.231.83','LoadImpactRload/3.0.3 (Load Impact; http://loadimpact.com);',1406294419,''),
	('84ccb3f62615b175fb64500ae2080068','54.95.231.83','LoadImpactRload/3.0.3 (Load Impact; http://loadimpact.com);',1406294420,''),
	('4145f62ceb025e615e889e0d96ed9dda','54.95.231.83','LoadImpactRload/3.0.3 (Load Impact; http://loadimpact.com);',1406294420,''),
	('903ed527ea0a7e43770fabc5f297983c','54.95.231.83','LoadImpactRload/3.0.3 (Load Impact; http://loadimpact.com);',1406294420,''),
	('4cb02a20ec213248fa7d052d092dcbc4','54.95.231.83','LoadImpactRload/3.0.3 (Load Impact; http://loadimpact.com);',1406294420,''),
	('ac103edfa0603971d31d9b6a56bd6d00','54.95.231.83','LoadImpactRload/3.0.3 (Load Impact; http://loadimpact.com);',1406294422,''),
	('7204a256228502173faf061b5c3a84bd','54.95.231.83','LoadImpactRload/3.0.3 (Load Impact; http://loadimpact.com);',1406294422,''),
	('75c544fc75513ca0a02ab4a6d8dafe58','54.95.231.83','LoadImpactRload/3.0.3 (Load Impact; http://loadimpact.com);',1406294422,''),
	('4a837608617a1b0fd3497be7131aa7bd','54.95.231.83','LoadImpactRload/3.0.3 (Load Impact; http://loadimpact.com);',1406294422,''),
	('0f179066bf14d1e2dc25bf6c2c890d9b','54.95.231.83','LoadImpactRload/3.0.3 (Load Impact; http://loadimpact.com);',1406294422,''),
	('dea35f82bb0b179592dc2135cd50ed1c','54.95.231.83','LoadImpactRload/3.0.3 (Load Impact; http://loadimpact.com);',1406294422,''),
	('cb4f521bec87a6ca1886e906f1cfb26d','54.95.231.83','LoadImpactRload/3.0.3 (Load Impact; http://loadimpact.com);',1406294424,''),
	('10d6e010873699be5b2862f2abc07b80','54.95.231.83','LoadImpactRload/3.0.3 (Load Impact; http://loadimpact.com);',1406294424,''),
	('306919794fb0b9ac7575d4e32ccef941','54.95.231.83','LoadImpactRload/3.0.3 (Load Impact; http://loadimpact.com);',1406294424,''),
	('33e5a37770c70fb76444b0e11ff383d4','54.95.231.83','LoadImpactRload/3.0.3 (Load Impact; http://loadimpact.com);',1406294424,''),
	('cda260d7a6097ae17f85c435c9e4cc05','54.95.231.83','LoadImpactRload/3.0.3 (Load Impact; http://loadimpact.com);',1406294424,''),
	('2e7e8400d99f424e184e76c310be85ea','54.95.231.83','LoadImpactRload/3.0.3 (Load Impact; http://loadimpact.com);',1406294424,''),
	('107aba76ef7b1d429fb9bc4646344d6e','54.95.231.83','LoadImpactRload/3.0.3 (Load Impact; http://loadimpact.com);',1406294425,''),
	('246008b35eb2195f4c90485fba0a4ded','54.95.231.83','LoadImpactRload/3.0.3 (Load Impact; http://loadimpact.com);',1406294425,''),
	('671eae37b04fd306a5ce289e9a05ec07','54.95.231.83','LoadImpactRload/3.0.3 (Load Impact; http://loadimpact.com);',1406294426,''),
	('4664d7f3c3e2525a873a9b3abc4c0264','54.95.231.83','LoadImpactRload/3.0.3 (Load Impact; http://loadimpact.com);',1406294426,''),
	('c49f74433324ac79ab6cd939f4c636f5','54.95.231.83','LoadImpactRload/3.0.3 (Load Impact; http://loadimpact.com);',1406294428,''),
	('fe95f55b1f1d1b2a97d6f4e3bf5530cc','54.95.231.83','LoadImpactRload/3.0.3 (Load Impact; http://loadimpact.com);',1406294428,''),
	('6c60947d8772efc3435b3ea626d0ad2a','54.95.231.83','LoadImpactRload/3.0.3 (Load Impact; http://loadimpact.com);',1406294428,''),
	('832db5bb7843f1acac3dd8ce884f14ef','54.95.231.83','LoadImpactRload/3.0.3 (Load Impact; http://loadimpact.com);',1406294428,''),
	('b1b26e9aff30f6a374fa674aaae43df9','54.95.231.83','LoadImpactRload/3.0.3 (Load Impact; http://loadimpact.com);',1406294428,''),
	('301851952496ef4ea0269163e427c332','54.95.231.83','LoadImpactRload/3.0.3 (Load Impact; http://loadimpact.com);',1406294428,''),
	('92e51f33ef14d5213821bc38b5101c7f','54.95.231.83','LoadImpactRload/3.0.3 (Load Impact; http://loadimpact.com);',1406294429,''),
	('5f6e4e246d8c18745e1a3bf9521cf978','54.95.231.83','LoadImpactRload/3.0.3 (Load Impact; http://loadimpact.com);',1406294429,''),
	('c69c62e4896e24d9d78bb9bea7e2c934','54.95.231.83','LoadImpactRload/3.0.3 (Load Impact; http://loadimpact.com);',1406294430,''),
	('163e99fc081c5f794913718e277454ac','54.95.231.83','LoadImpactRload/3.0.3 (Load Impact; http://loadimpact.com);',1406294430,''),
	('3273965c294cbfc2652f2b225fa03d95','54.95.231.83','LoadImpactRload/3.0.3 (Load Impact; http://loadimpact.com);',1406294430,''),
	('f12fcf9a9cd70ae0c4016a06ef2cf91f','54.95.231.83','LoadImpactRload/3.0.3 (Load Impact; http://loadimpact.com);',1406294430,''),
	('e07ddaeee291522d8cd677c13602a989','54.95.231.83','LoadImpactRload/3.0.3 (Load Impact; http://loadimpact.com);',1406294431,''),
	('7523fd46d7b66d52229b5791cde8e77f','54.95.231.83','LoadImpactRload/3.0.3 (Load Impact; http://loadimpact.com);',1406294431,''),
	('7b950efa4270ef5459759d7bb47178fa','54.95.231.83','LoadImpactRload/3.0.3 (Load Impact; http://loadimpact.com);',1406294431,''),
	('be8826f0f706e1199b30b75adf198435','54.95.231.83','LoadImpactRload/3.0.3 (Load Impact; http://loadimpact.com);',1406294431,''),
	('32546c810eae5c50bf28b015d2634989','54.95.231.83','LoadImpactRload/3.0.3 (Load Impact; http://loadimpact.com);',1406294433,''),
	('2c2b9e5e5d605682712ce01a0e85174a','54.95.231.83','LoadImpactRload/3.0.3 (Load Impact; http://loadimpact.com);',1406294433,''),
	('7400e4103d434271eb30e08534e5cb53','54.95.231.83','LoadImpactRload/3.0.3 (Load Impact; http://loadimpact.com);',1406294434,''),
	('b2b42eb8071d0a49f9b03c2d1b206cbf','54.95.231.83','LoadImpactRload/3.0.3 (Load Impact; http://loadimpact.com);',1406294434,''),
	('38ecfd91433d6b90b0afc42d84808490','54.95.231.83','LoadImpactRload/3.0.3 (Load Impact; http://loadimpact.com);',1406294436,''),
	('1aa32b179365a9b16906be9d3fa51b0f','54.95.231.83','LoadImpactRload/3.0.3 (Load Impact; http://loadimpact.com);',1406294436,''),
	('7266d7488002051091f1bb971dca1b52','54.95.231.83','LoadImpactRload/3.0.3 (Load Impact; http://loadimpact.com);',1406294437,''),
	('e8081a92ce30bcc660e1906609c085aa','54.95.231.83','LoadImpactRload/3.0.3 (Load Impact; http://loadimpact.com);',1406294438,''),
	('a83f2590ae1cc94a844b9acdc31ab5ba','54.95.231.83','LoadImpactRload/3.0.3 (Load Impact; http://loadimpact.com);',1406294438,''),
	('0e51453362bef11e09695782746fbdb4','54.95.231.83','LoadImpactRload/3.0.3 (Load Impact; http://loadimpact.com);',1406294438,''),
	('08cf164e530125f83994c791ffd8321a','54.95.231.83','LoadImpactRload/3.0.3 (Load Impact; http://loadimpact.com);',1406294439,''),
	('0503f7781a1e88fdc6f43ac4c74f2812','54.95.231.83','LoadImpactRload/3.0.3 (Load Impact; http://loadimpact.com);',1406294439,''),
	('3a5ed03077aebd2cec4ba8b34635547d','54.95.231.83','LoadImpactRload/3.0.3 (Load Impact; http://loadimpact.com);',1406294440,''),
	('83ec3b9cdbeb545c2e9b6e4334ab92b3','54.95.231.83','LoadImpactRload/3.0.3 (Load Impact; http://loadimpact.com);',1406294440,''),
	('405ed121e03607796f8bd4eea6ffc45f','54.95.231.83','LoadImpactRload/3.0.3 (Load Impact; http://loadimpact.com);',1406294440,''),
	('5419c92d4ef2a33d5a25ebd6ee2ce119','54.95.231.83','LoadImpactRload/3.0.3 (Load Impact; http://loadimpact.com);',1406294440,''),
	('4457bb8e374cb4fbe662b894e554a6c4','54.95.231.83','LoadImpactRload/3.0.3 (Load Impact; http://loadimpact.com);',1406294441,''),
	('8232eec974ad64a539deb5f0f3d3b3c5','54.95.231.83','LoadImpactRload/3.0.3 (Load Impact; http://loadimpact.com);',1406294441,''),
	('bb4ae1d453af41797ce7a01b7f3aee12','54.95.231.83','LoadImpactRload/3.0.3 (Load Impact; http://loadimpact.com);',1406294446,''),
	('856c064b6fe6895947cab5688c393260','54.95.231.83','LoadImpactRload/3.0.3 (Load Impact; http://loadimpact.com);',1406294446,''),
	('067724340130db1bf1bf6c9f93eb2dbc','54.95.231.83','LoadImpactRload/3.0.3 (Load Impact; http://loadimpact.com);',1406294446,''),
	('1a079f2d3e580f91585176605138894a','54.95.231.83','LoadImpactRload/3.0.3 (Load Impact; http://loadimpact.com);',1406294446,''),
	('4457373d181a4aa713ce0bd4763b6c5e','54.95.231.83','LoadImpactRload/3.0.3 (Load Impact; http://loadimpact.com);',1406294446,''),
	('98c23bfaf8e0d6f0fce8aedebda47f4f','54.95.231.83','LoadImpactRload/3.0.3 (Load Impact; http://loadimpact.com);',1406294446,''),
	('e0d5e8eeb3919dc59fd631ca77cd539f','54.95.231.83','LoadImpactRload/3.0.3 (Load Impact; http://loadimpact.com);',1406294447,''),
	('73f0b82f1ff0747185c53e06d846575f','54.95.231.83','LoadImpactRload/3.0.3 (Load Impact; http://loadimpact.com);',1406294447,''),
	('771f449f884bf731ebace128c83c0f96','54.95.231.83','LoadImpactRload/3.0.3 (Load Impact; http://loadimpact.com);',1406294447,''),
	('2e62fa2bbad6126bcb858aa458435c0a','54.95.231.83','LoadImpactRload/3.0.3 (Load Impact; http://loadimpact.com);',1406294447,''),
	('ad3ef89c5ef8687ee27a74afc3ab4cf7','54.95.231.83','LoadImpactRload/3.0.3 (Load Impact; http://loadimpact.com);',1406294449,''),
	('6b6e78da23b503b6c6a16b1cd1709bca','54.95.231.83','LoadImpactRload/3.0.3 (Load Impact; http://loadimpact.com);',1406294449,''),
	('af5685d4e2aad6d493db8cfb210ea503','54.95.231.83','LoadImpactRload/3.0.3 (Load Impact; http://loadimpact.com);',1406294450,''),
	('6152393405ec27ce0438dd611487b350','54.95.231.83','LoadImpactRload/3.0.3 (Load Impact; http://loadimpact.com);',1406294450,''),
	('8028744e4196018e0bd9a76c74c5840f','54.95.231.83','LoadImpactRload/3.0.3 (Load Impact; http://loadimpact.com);',1406294450,''),
	('6b77602360247110e68c76d3b6929fff','54.95.231.83','LoadImpactRload/3.0.3 (Load Impact; http://loadimpact.com);',1406294450,''),
	('cfc467cfa6bcd9cc6d1d67daae0fb461','54.95.231.83','LoadImpactRload/3.0.3 (Load Impact; http://loadimpact.com);',1406294451,''),
	('4c7f60e9e261ec3705a4f566e01d0bf4','54.95.231.83','LoadImpactRload/3.0.3 (Load Impact; http://loadimpact.com);',1406294451,''),
	('7008343e256009615170f434615e9171','54.95.231.83','LoadImpactRload/3.0.3 (Load Impact; http://loadimpact.com);',1406294452,''),
	('8eda1c845a01a946296beac4cc10d0c2','54.95.231.83','LoadImpactRload/3.0.3 (Load Impact; http://loadimpact.com);',1406294452,''),
	('85c89cfce2c4319e8331d9e598368937','54.95.231.83','LoadImpactRload/3.0.3 (Load Impact; http://loadimpact.com);',1406294453,''),
	('2490757fd8ed0f23d4d49b304aa25ff6','54.95.231.83','LoadImpactRload/3.0.3 (Load Impact; http://loadimpact.com);',1406294453,''),
	('fd6fbedc5ef48a88f5df0539e68b206e','54.95.231.83','LoadImpactRload/3.0.3 (Load Impact; http://loadimpact.com);',1406294455,''),
	('f0b4289dd165514b574e145f9675a0c7','54.95.231.83','LoadImpactRload/3.0.3 (Load Impact; http://loadimpact.com);',1406294455,''),
	('b2155c7931c7bf2828c12bb4d1c88ef9','54.95.231.83','LoadImpactRload/3.0.3 (Load Impact; http://loadimpact.com);',1406294455,''),
	('53b2a3e590cca0c5d51df6d473a815aa','54.95.231.83','LoadImpactRload/3.0.3 (Load Impact; http://loadimpact.com);',1406294455,''),
	('9521a90c69e6ebc37ea92ab6630e3d27','54.95.231.83','LoadImpactRload/3.0.3 (Load Impact; http://loadimpact.com);',1406294455,''),
	('961ec2273aaa6e5c9526542a430feeb0','54.95.231.83','LoadImpactRload/3.0.3 (Load Impact; http://loadimpact.com);',1406294455,''),
	('256849ff6d0ed4417ff25918c6fc175d','54.95.231.83','LoadImpactRload/3.0.3 (Load Impact; http://loadimpact.com);',1406294456,''),
	('b40e1dac6324f38d3f177e2e237c8e5b','54.95.231.83','LoadImpactRload/3.0.3 (Load Impact; http://loadimpact.com);',1406294456,''),
	('d19d55bc0a734c17a382ce8ac9e3ab6c','54.95.231.83','LoadImpactRload/3.0.3 (Load Impact; http://loadimpact.com);',1406294457,''),
	('86bb24cc07077fd8fa2379417050879d','54.95.231.83','LoadImpactRload/3.0.3 (Load Impact; http://loadimpact.com);',1406294457,''),
	('8ee5ed5adfb62f54de67f9494766f6e2','54.95.231.83','LoadImpactRload/3.0.3 (Load Impact; http://loadimpact.com);',1406294458,''),
	('f46ef98c387dafcf9eaf25ad43030f2c','54.95.231.83','LoadImpactRload/3.0.3 (Load Impact; http://loadimpact.com);',1406294458,''),
	('e824f2efdef3e4f6cf2da303660a8ee9','54.95.231.83','LoadImpactRload/3.0.3 (Load Impact; http://loadimpact.com);',1406294458,''),
	('1ef691654368a13519b3601329899cec','54.95.231.83','LoadImpactRload/3.0.3 (Load Impact; http://loadimpact.com);',1406294458,''),
	('d0c450297e6e9a9bb72954fcfb05f651','54.95.231.83','LoadImpactRload/3.0.3 (Load Impact; http://loadimpact.com);',1406294458,''),
	('4c321e5c2a171ca3e1da5db18f1b6489','54.95.231.83','LoadImpactRload/3.0.3 (Load Impact; http://loadimpact.com);',1406294458,''),
	('f20427476c74bc0581439df852789b27','54.95.231.83','LoadImpactRload/3.0.3 (Load Impact; http://loadimpact.com);',1406294458,''),
	('f39bb75dbf57105ead8b8a741f9f38f0','54.95.231.83','LoadImpactRload/3.0.3 (Load Impact; http://loadimpact.com);',1406294458,''),
	('de5fb4b4bab9e58a4c05d70b3b8db979','54.95.231.83','LoadImpactRload/3.0.3 (Load Impact; http://loadimpact.com);',1406294459,''),
	('0b68c4e1294645b1247008f15e86691a','54.95.231.83','LoadImpactRload/3.0.3 (Load Impact; http://loadimpact.com);',1406294459,''),
	('554b65c980bdba1d6d3e0be29b8dff62','54.95.231.83','LoadImpactRload/3.0.3 (Load Impact; http://loadimpact.com);',1406294460,''),
	('c2306656cedd8661945fb3ec35fbc84a','54.95.231.83','LoadImpactRload/3.0.3 (Load Impact; http://loadimpact.com);',1406294460,''),
	('ac47d45015b835a1b8515ef696b29d9e','54.95.231.83','LoadImpactRload/3.0.3 (Load Impact; http://loadimpact.com);',1406294460,''),
	('e01980d76a59e2d63248acd27319f998','54.95.231.83','LoadImpactRload/3.0.3 (Load Impact; http://loadimpact.com);',1406294460,''),
	('41b89a98e924c2ee7c0301c310ab02d9','54.95.231.83','LoadImpactRload/3.0.3 (Load Impact; http://loadimpact.com);',1406294460,''),
	('56ee0c326c935fd5bfe18cc96c68d990','54.95.231.83','LoadImpactRload/3.0.3 (Load Impact; http://loadimpact.com);',1406294460,''),
	('dbe154737769b2816086eec6b7d09c72','54.95.231.83','LoadImpactRload/3.0.3 (Load Impact; http://loadimpact.com);',1406294464,''),
	('bc1b4d64f24765a9ead5483caa17e801','54.95.231.83','LoadImpactRload/3.0.3 (Load Impact; http://loadimpact.com);',1406294464,''),
	('9181aa2469a1ccf64558986aebdacf33','54.95.231.83','LoadImpactRload/3.0.3 (Load Impact; http://loadimpact.com);',1406294464,''),
	('82bfb42d4312cf9b1a077979160559ca','54.95.231.83','LoadImpactRload/3.0.3 (Load Impact; http://loadimpact.com);',1406294464,''),
	('a6ef4321ee6f539a548e3b3bab47c6d8','54.95.231.83','LoadImpactRload/3.0.3 (Load Impact; http://loadimpact.com);',1406294465,''),
	('c544079a0a9ef4eae82a93975101da40','54.95.231.83','LoadImpactRload/3.0.3 (Load Impact; http://loadimpact.com);',1406294465,''),
	('b73e449845ae067e309243b2089724eb','54.95.231.83','LoadImpactRload/3.0.3 (Load Impact; http://loadimpact.com);',1406294466,''),
	('e8f8a5a142b7ff27aa5f72978de09667','54.95.231.83','LoadImpactRload/3.0.3 (Load Impact; http://loadimpact.com);',1406294466,''),
	('59a7500a7ff00aa949a90b801165e293','54.95.231.83','LoadImpactRload/3.0.3 (Load Impact; http://loadimpact.com);',1406294466,''),
	('a5c698b8022c5d3de5eacff05adb806d','54.95.231.83','LoadImpactRload/3.0.3 (Load Impact; http://loadimpact.com);',1406294466,''),
	('e326f550a99c157b2a587702a333b04d','54.95.231.83','LoadImpactRload/3.0.3 (Load Impact; http://loadimpact.com);',1406294467,''),
	('c01cf1866c3122fbf01b84400a3cc1f8','54.95.231.83','LoadImpactRload/3.0.3 (Load Impact; http://loadimpact.com);',1406294467,''),
	('9e712d367b7e72034b70fedf6411ac9e','54.95.231.83','LoadImpactRload/3.0.3 (Load Impact; http://loadimpact.com);',1406294468,''),
	('85b1add5f725a3d9c6c4934182eb29d9','54.95.231.83','LoadImpactRload/3.0.3 (Load Impact; http://loadimpact.com);',1406294469,''),
	('edda9a8f77f1387f540bece4afb74138','54.95.231.83','LoadImpactRload/3.0.3 (Load Impact; http://loadimpact.com);',1406294469,''),
	('66fd9760a97c3f001bf3e3ebc99dc6f1','54.95.231.83','LoadImpactRload/3.0.3 (Load Impact; http://loadimpact.com);',1406294469,''),
	('73cf7873894ec377e6f2aeae8cda3bfe','54.95.231.83','LoadImpactRload/3.0.3 (Load Impact; http://loadimpact.com);',1406294470,''),
	('cc65a2dd622db03dca5e410665faee95','54.95.231.83','LoadImpactRload/3.0.3 (Load Impact; http://loadimpact.com);',1406294470,''),
	('c4fdd32d2db10fb46c77c2631cce3098','54.95.231.83','LoadImpactRload/3.0.3 (Load Impact; http://loadimpact.com);',1406294471,''),
	('7b916b3affd263135beb91ec0e60acba','54.95.231.83','LoadImpactRload/3.0.3 (Load Impact; http://loadimpact.com);',1406294471,''),
	('a444afb6da7491a04766a0744b2bf1bb','54.95.231.83','LoadImpactRload/3.0.3 (Load Impact; http://loadimpact.com);',1406294473,''),
	('8c486f99a9b6b10ab80bdaa4320ae230','54.95.231.83','LoadImpactRload/3.0.3 (Load Impact; http://loadimpact.com);',1406294473,''),
	('02f9210c28c2c34e1a9f0a73962b5017','54.95.231.83','LoadImpactRload/3.0.3 (Load Impact; http://loadimpact.com);',1406294473,''),
	('13b086df2301a39f5bd3bf9769aff940','54.95.231.83','LoadImpactRload/3.0.3 (Load Impact; http://loadimpact.com);',1406294473,''),
	('381abc7119c6f1a64a321f3cee1398da','54.95.231.83','LoadImpactRload/3.0.3 (Load Impact; http://loadimpact.com);',1406294474,''),
	('96c7bce302eeb27103ef118adc498f8d','54.95.231.83','LoadImpactRload/3.0.3 (Load Impact; http://loadimpact.com);',1406294474,''),
	('8d46eded4f15668e8e93fefec9daa7d8','54.95.231.83','LoadImpactRload/3.0.3 (Load Impact; http://loadimpact.com);',1406294476,''),
	('a5ec0657b7ca19ff64850b8402cca752','54.95.231.83','LoadImpactRload/3.0.3 (Load Impact; http://loadimpact.com);',1406294476,''),
	('c4e2200c6de1a2394c22d79882c729af','54.95.231.83','LoadImpactRload/3.0.3 (Load Impact; http://loadimpact.com);',1406294477,''),
	('47ae6e1a31c11112565d509c9e90abfa','54.95.231.83','LoadImpactRload/3.0.3 (Load Impact; http://loadimpact.com);',1406294477,''),
	('a8824e1f6b37d826971d34b25fe86b7f','54.95.231.83','LoadImpactRload/3.0.3 (Load Impact; http://loadimpact.com);',1406294477,''),
	('21593129905ebc2ebe2d58b1f072669b','54.95.231.83','LoadImpactRload/3.0.3 (Load Impact; http://loadimpact.com);',1406294477,''),
	('302bac8a0a765a2f71cdc02b5c0cf2db','54.95.231.83','LoadImpactRload/3.0.3 (Load Impact; http://loadimpact.com);',1406294479,''),
	('5a0d6cec56b9e9fe64f25b3debd726ec','54.95.231.83','LoadImpactRload/3.0.3 (Load Impact; http://loadimpact.com);',1406294479,''),
	('36d44fe7f55974e28cb8f65dbfbd46ea','54.95.231.83','LoadImpactRload/3.0.3 (Load Impact; http://loadimpact.com);',1406294479,''),
	('e0515a808ef10902ef530caf25d85e7e','54.95.231.83','LoadImpactRload/3.0.3 (Load Impact; http://loadimpact.com);',1406294479,''),
	('1f0887d52456afd136acc939c3c1bb06','54.95.231.83','LoadImpactRload/3.0.3 (Load Impact; http://loadimpact.com);',1406294481,''),
	('3e0c8b7458cb3a6e01440b584281f57b','54.95.231.83','LoadImpactRload/3.0.3 (Load Impact; http://loadimpact.com);',1406294481,''),
	('603ee467115871a84d5028258c519e0b','54.95.231.83','LoadImpactRload/3.0.3 (Load Impact; http://loadimpact.com);',1406294482,''),
	('cbfc1824819f1fc8b57c9b31bfe186ed','54.95.231.83','LoadImpactRload/3.0.3 (Load Impact; http://loadimpact.com);',1406294482,''),
	('4b973bd54348c4d334dd688b87ba7756','54.95.231.83','LoadImpactRload/3.0.3 (Load Impact; http://loadimpact.com);',1406294482,''),
	('7c835326098de6b3994b299a8bb51086','54.95.231.83','LoadImpactRload/3.0.3 (Load Impact; http://loadimpact.com);',1406294482,''),
	('52135086dba2ae90e85a6e3105d7d92a','54.95.231.83','LoadImpactRload/3.0.3 (Load Impact; http://loadimpact.com);',1406294482,''),
	('dbca718a297bededd4899f03e439cffe','54.95.231.83','LoadImpactRload/3.0.3 (Load Impact; http://loadimpact.com);',1406294482,''),
	('a30f11b012d75349958caa1c4c17330f','54.95.231.83','LoadImpactRload/3.0.3 (Load Impact; http://loadimpact.com);',1406294483,''),
	('b0d9fac40b9e3ce550a1cdeb2b001230','54.95.231.83','LoadImpactRload/3.0.3 (Load Impact; http://loadimpact.com);',1406294483,''),
	('0fdb4540c5fa9254dddbfbea9224755a','54.95.231.83','LoadImpactRload/3.0.3 (Load Impact; http://loadimpact.com);',1406294484,''),
	('4315cbe459287a4c4261b252f641590c','54.95.231.83','LoadImpactRload/3.0.3 (Load Impact; http://loadimpact.com);',1406294484,''),
	('dae8515a59182e673668815ca46979bc','54.95.231.83','LoadImpactRload/3.0.3 (Load Impact; http://loadimpact.com);',1406294484,''),
	('d65a704d30d3228cb49a53c09c80df20','54.95.231.83','LoadImpactRload/3.0.3 (Load Impact; http://loadimpact.com);',1406294484,''),
	('ebe464c918a5325138f8f8f3d59f2f54','54.95.231.83','LoadImpactRload/3.0.3 (Load Impact; http://loadimpact.com);',1406294487,''),
	('60443ce4e7863227400b89e01c0a874b','54.95.231.83','LoadImpactRload/3.0.3 (Load Impact; http://loadimpact.com);',1406294487,''),
	('15aa51b9e85f00a5d234f8ce1fa0986f','54.95.231.83','LoadImpactRload/3.0.3 (Load Impact; http://loadimpact.com);',1406294488,''),
	('aa026e470e48bbadb3fbde2e0c2dafd3','54.95.231.83','LoadImpactRload/3.0.3 (Load Impact; http://loadimpact.com);',1406294488,''),
	('89ad46c7d03d31c1b49bcab9100900ac','54.95.231.83','LoadImpactRload/3.0.3 (Load Impact; http://loadimpact.com);',1406294488,''),
	('7b7055cbecda1159c2eb7610fbc5313c','54.95.231.83','LoadImpactRload/3.0.3 (Load Impact; http://loadimpact.com);',1406294488,''),
	('6fb2eea8a949b4e22a3c15fec08e3626','54.95.231.83','LoadImpactRload/3.0.3 (Load Impact; http://loadimpact.com);',1406294489,''),
	('b503e4d46be6a4db11663326bab86e76','54.95.231.83','LoadImpactRload/3.0.3 (Load Impact; http://loadimpact.com);',1406294489,''),
	('63f5f1d8bae91f50c8cced5ca1b15d44','54.95.231.83','LoadImpactRload/3.0.3 (Load Impact; http://loadimpact.com);',1406294490,''),
	('2776541f4387612a821997387b75914a','54.95.231.83','LoadImpactRload/3.0.3 (Load Impact; http://loadimpact.com);',1406294490,''),
	('91f7c7f2b885d8ffeda1020cd018c143','54.95.231.83','LoadImpactRload/3.0.3 (Load Impact; http://loadimpact.com);',1406294491,''),
	('fbcd6dd6d8d0fae5aa9457dc80e5ecd0','54.95.231.83','LoadImpactRload/3.0.3 (Load Impact; http://loadimpact.com);',1406294491,''),
	('a051ee37f20f34a565076f13aeab16a3','54.95.231.83','LoadImpactRload/3.0.3 (Load Impact; http://loadimpact.com);',1406294491,''),
	('4ca6be985cc50280635313eb7ca55a11','54.95.231.83','LoadImpactRload/3.0.3 (Load Impact; http://loadimpact.com);',1406294491,''),
	('587f80f9065d17e376edeac46d713de9','54.95.231.83','LoadImpactRload/3.0.3 (Load Impact; http://loadimpact.com);',1406294491,''),
	('43ddb2e425b026d57768e1a8a31dcf2e','54.95.231.83','LoadImpactRload/3.0.3 (Load Impact; http://loadimpact.com);',1406294491,''),
	('162f15c29f5dfbd6b23a0a56a95a15e1','54.95.231.83','LoadImpactRload/3.0.3 (Load Impact; http://loadimpact.com);',1406294492,''),
	('68c8b5b0a96ebc601d297ba28376970a','54.95.231.83','LoadImpactRload/3.0.3 (Load Impact; http://loadimpact.com);',1406294492,''),
	('2d41e8d743f51c2b4355fa190b4af097','54.95.231.83','LoadImpactRload/3.0.3 (Load Impact; http://loadimpact.com);',1406294493,''),
	('6e8491900f683dbb154221aa5b44d922','54.95.231.83','LoadImpactRload/3.0.3 (Load Impact; http://loadimpact.com);',1406294493,''),
	('d209183036b5d888c354fe11603de3ef','54.95.231.83','LoadImpactRload/3.0.3 (Load Impact; http://loadimpact.com);',1406294493,''),
	('e718ce71394c7316aa982272831f82b1','54.95.231.83','LoadImpactRload/3.0.3 (Load Impact; http://loadimpact.com);',1406294493,''),
	('4c376068d0c155ed18aa8472ac4ee0f3','54.95.231.83','LoadImpactRload/3.0.3 (Load Impact; http://loadimpact.com);',1406294494,''),
	('415dc8f4d41d711e5f7e6254d1b90c16','54.95.231.83','LoadImpactRload/3.0.3 (Load Impact; http://loadimpact.com);',1406294494,''),
	('88716a4fd8baededb5e95f61816ea8a2','54.95.231.83','LoadImpactRload/3.0.3 (Load Impact; http://loadimpact.com);',1406294495,''),
	('9573c7751228b21205872057f7679394','54.95.231.83','LoadImpactRload/3.0.3 (Load Impact; http://loadimpact.com);',1406294495,''),
	('bfb592a7a5cc6bcee8f600e7a55bbd11','54.95.231.83','LoadImpactRload/3.0.3 (Load Impact; http://loadimpact.com);',1406294495,''),
	('a4a07764969fc6aa0bd34c97cbc92745','54.95.231.83','LoadImpactRload/3.0.3 (Load Impact; http://loadimpact.com);',1406294495,''),
	('fa7e89cade8867c6a80e797a9001e5b4','54.95.231.83','LoadImpactRload/3.0.3 (Load Impact; http://loadimpact.com);',1406294495,''),
	('3d55288efa5823fbbd2e665d6d3224ba','54.95.231.83','LoadImpactRload/3.0.3 (Load Impact; http://loadimpact.com);',1406294495,''),
	('643962c23b3884b75c6d87ccf69b9a17','54.95.231.83','LoadImpactRload/3.0.3 (Load Impact; http://loadimpact.com);',1406294495,''),
	('fda3529d300e850cfc531a662f61d2fc','54.95.231.83','LoadImpactRload/3.0.3 (Load Impact; http://loadimpact.com);',1406294495,''),
	('9e25deb67394b860a448ed34b6464da7','54.95.231.83','LoadImpactRload/3.0.3 (Load Impact; http://loadimpact.com);',1406294495,''),
	('57206c95f2f5cb3db340a134d995a9da','54.95.231.83','LoadImpactRload/3.0.3 (Load Impact; http://loadimpact.com);',1406294495,''),
	('85a4437d864abc76c72a991bf60b8f00','54.95.231.83','LoadImpactRload/3.0.3 (Load Impact; http://loadimpact.com);',1406294495,''),
	('20bc0de1f7f08f7b45dc536985dcadf2','54.95.231.83','LoadImpactRload/3.0.3 (Load Impact; http://loadimpact.com);',1406294495,''),
	('456fdcd7dab3ad8f1513879b2334cc5f','54.95.231.83','LoadImpactRload/3.0.3 (Load Impact; http://loadimpact.com);',1406294497,''),
	('4de6035262b7d7a9f568ac65c5c79ad1','54.95.231.83','LoadImpactRload/3.0.3 (Load Impact; http://loadimpact.com);',1406294498,''),
	('17ac7b0984c6ede67ca2d4f19f8f6187','54.95.231.83','LoadImpactRload/3.0.3 (Load Impact; http://loadimpact.com);',1406294498,''),
	('8c0b74bb308e50f8c1e9c765695feda8','54.95.231.83','LoadImpactRload/3.0.3 (Load Impact; http://loadimpact.com);',1406294498,''),
	('60ffe8c6ab23cdfe7bb250f0583a3bf1','54.95.231.83','LoadImpactRload/3.0.3 (Load Impact; http://loadimpact.com);',1406294498,''),
	('0dc3adcfe72c596a1062bddc2900d192','54.95.231.83','LoadImpactRload/3.0.3 (Load Impact; http://loadimpact.com);',1406294498,''),
	('092c43e7e5237f9dace517884d20c7a4','54.95.231.83','LoadImpactRload/3.0.3 (Load Impact; http://loadimpact.com);',1406294501,''),
	('9b819cf013099f80c5f32999d3f64a97','54.95.231.83','LoadImpactRload/3.0.3 (Load Impact; http://loadimpact.com);',1406294501,''),
	('4a3b94dcf4a6e3a051313647a2daf39f','54.95.231.83','LoadImpactRload/3.0.3 (Load Impact; http://loadimpact.com);',1406294501,''),
	('9a9d4d02d899e2d99a44d287505b50a6','54.95.231.83','LoadImpactRload/3.0.3 (Load Impact; http://loadimpact.com);',1406294501,''),
	('d732fb28f00c0c705de2f5cd4566f133','54.95.231.83','LoadImpactRload/3.0.3 (Load Impact; http://loadimpact.com);',1406294502,''),
	('75b6aae5e0116f09100a940ca96af532','54.95.231.83','LoadImpactRload/3.0.3 (Load Impact; http://loadimpact.com);',1406294502,''),
	('7c158a1634f876b66bbb85fae47e377e','54.95.231.83','LoadImpactRload/3.0.3 (Load Impact; http://loadimpact.com);',1406294502,''),
	('ad0de98ddf143a56061a263b392e4082','54.95.231.83','LoadImpactRload/3.0.3 (Load Impact; http://loadimpact.com);',1406294502,''),
	('f93c47700940d074ff9bb8b1fff67d26','54.95.231.83','LoadImpactRload/3.0.3 (Load Impact; http://loadimpact.com);',1406294503,''),
	('1756179288ef36a63233ccaac7097eb7','54.95.231.83','LoadImpactRload/3.0.3 (Load Impact; http://loadimpact.com);',1406294503,''),
	('1fba22a4eec45bf277af1651792c2167','54.95.231.83','LoadImpactRload/3.0.3 (Load Impact; http://loadimpact.com);',1406294504,''),
	('082c523cc04bfefd01fd6472f2adeeff','54.95.231.83','LoadImpactRload/3.0.3 (Load Impact; http://loadimpact.com);',1406294504,''),
	('def38ac029c17d35a2ed725912668dba','54.95.231.83','LoadImpactRload/3.0.3 (Load Impact; http://loadimpact.com);',1406294505,''),
	('2b1fcba8e6104c4cabe78f79d707bad9','54.95.231.83','LoadImpactRload/3.0.3 (Load Impact; http://loadimpact.com);',1406294505,''),
	('62a04882d34d99839d9cf0a932667a4b','54.95.231.83','LoadImpactRload/3.0.3 (Load Impact; http://loadimpact.com);',1406294506,''),
	('9aad40153d519f6cc6ecbdd87d69639a','54.95.231.83','LoadImpactRload/3.0.3 (Load Impact; http://loadimpact.com);',1406294506,''),
	('c909342a31c7eeccacc4d184f43d4115','54.95.231.83','LoadImpactRload/3.0.3 (Load Impact; http://loadimpact.com);',1406294507,''),
	('caf8125dcdad6cc59e6c123949fd4cc8','54.95.231.83','LoadImpactRload/3.0.3 (Load Impact; http://loadimpact.com);',1406294507,''),
	('2cf0b97df8102c68806b68b9398e10e9','54.95.231.83','LoadImpactRload/3.0.3 (Load Impact; http://loadimpact.com);',1406294507,''),
	('15065bd675a21d5828fb66fb8225b62e','54.95.231.83','LoadImpactRload/3.0.3 (Load Impact; http://loadimpact.com);',1406294507,''),
	('e0222c7c396fe7eb89908be98eab93a2','54.95.231.83','LoadImpactRload/3.0.3 (Load Impact; http://loadimpact.com);',1406294509,''),
	('bfaa00046c820a56ba725592656d80ee','54.95.231.83','LoadImpactRload/3.0.3 (Load Impact; http://loadimpact.com);',1406294509,''),
	('6e8d6d7e40b0f48ebc6c89f3ceaa17d1','54.95.231.83','LoadImpactRload/3.0.3 (Load Impact; http://loadimpact.com);',1406294512,''),
	('faf6aba7c80fcdca18cd3dcefdc9ef95','54.95.231.83','LoadImpactRload/3.0.3 (Load Impact; http://loadimpact.com);',1406294512,''),
	('8173f9e78b0637b4e7a6b69156d06a19','54.95.231.83','LoadImpactRload/3.0.3 (Load Impact; http://loadimpact.com);',1406294512,''),
	('c0c0ce028615b83bdab56bf3aab28334','54.95.231.83','LoadImpactRload/3.0.3 (Load Impact; http://loadimpact.com);',1406294512,''),
	('43ca10c313a1a2182d072234ee798bed','54.95.231.83','LoadImpactRload/3.0.3 (Load Impact; http://loadimpact.com);',1406294513,''),
	('3d0463bed616a87a1f60c3c26a0268b2','54.95.231.83','LoadImpactRload/3.0.3 (Load Impact; http://loadimpact.com);',1406294513,''),
	('c37e01ad090285c6cbee214115f295f4','54.95.231.83','LoadImpactRload/3.0.3 (Load Impact; http://loadimpact.com);',1406294513,''),
	('7ccb63ff900ffa5d00da85ffd9eba685','54.95.231.83','LoadImpactRload/3.0.3 (Load Impact; http://loadimpact.com);',1406294513,''),
	('049dd7bb99c5985eefa6a44751261c80','54.95.231.83','LoadImpactRload/3.0.3 (Load Impact; http://loadimpact.com);',1406294513,''),
	('2dc772a9d63e6fd6168b58d58cfc4962','54.95.231.83','LoadImpactRload/3.0.3 (Load Impact; http://loadimpact.com);',1406294513,''),
	('be18bc98c2b7893040097b970b27c069','54.95.231.83','LoadImpactRload/3.0.3 (Load Impact; http://loadimpact.com);',1406294513,''),
	('bca6278a3233da36d1f8cfd12ff451fe','54.95.231.83','LoadImpactRload/3.0.3 (Load Impact; http://loadimpact.com);',1406294513,''),
	('cec66abbe4a1b87ad8c75f7213e40933','54.95.231.83','LoadImpactRload/3.0.3 (Load Impact; http://loadimpact.com);',1406294514,''),
	('2b1caa1e5e04315b7fdf3a3aa7a780fb','54.95.231.83','LoadImpactRload/3.0.3 (Load Impact; http://loadimpact.com);',1406294514,''),
	('d53924311c58a5678cc80f3d89449101','54.95.231.83','LoadImpactRload/3.0.3 (Load Impact; http://loadimpact.com);',1406294516,''),
	('14cac44da57dc634771af13c52c29f74','54.95.231.83','LoadImpactRload/3.0.3 (Load Impact; http://loadimpact.com);',1406294516,''),
	('6210eee1ec7452993d57322d8ad0ef85','54.95.231.83','LoadImpactRload/3.0.3 (Load Impact; http://loadimpact.com);',1406294518,''),
	('e184a6b235472cb3e7a422aceb2a23b9','54.95.231.83','LoadImpactRload/3.0.3 (Load Impact; http://loadimpact.com);',1406294518,''),
	('c45362da935135e2bd3a4857f6a25dcf','54.95.231.83','LoadImpactRload/3.0.3 (Load Impact; http://loadimpact.com);',1406294519,''),
	('8885546220ec9c4503cd67e0ecdc3109','54.95.231.83','LoadImpactRload/3.0.3 (Load Impact; http://loadimpact.com);',1406294519,''),
	('352b2b0ac1622ffdc726519570611cf5','54.95.231.83','LoadImpactRload/3.0.3 (Load Impact; http://loadimpact.com);',1406294519,''),
	('fe5ebbd65096023d0eadf5bb1acbad8b','54.95.231.83','LoadImpactRload/3.0.3 (Load Impact; http://loadimpact.com);',1406294519,''),
	('80ce3a78ff77f1a81e42648434f8535c','54.95.231.83','LoadImpactRload/3.0.3 (Load Impact; http://loadimpact.com);',1406294519,''),
	('f4ce9d7a46e98892a3412dc0eab80870','54.95.231.83','LoadImpactRload/3.0.3 (Load Impact; http://loadimpact.com);',1406294519,''),
	('b583fbaac0d993b598673eef722b5e3f','54.95.231.83','LoadImpactRload/3.0.3 (Load Impact; http://loadimpact.com);',1406294521,''),
	('e4d24b0c43f2611671eb209c44160b56','54.95.231.83','LoadImpactRload/3.0.3 (Load Impact; http://loadimpact.com);',1406294521,''),
	('e3cd73cd6215e3755566c871abdaf81e','82.161.69.199','Mozilla/5.0 (Macintosh; Intel Mac OS X 10_9_4) AppleWebKit/537.36 (KHTML, like Gecko) Chrome/36.0.1985.125 Safari/537.36',1406302406,''),
	('4aee3cb60449707cfd229c1d423add22','192.81.131.15','research-scanner/1.0 (www.internetscanningproject.org)',1406298878,''),
	('b817fa08b84f424b2801b2270ca41b9c','192.81.131.15','research-scanner/1.0 (www.internetscanningproject.org)',1406298878,''),
	('025d8653f08242ba11dff88396521edb','204.187.14.75','Mozilla/5.0 (X11; Linux i686 on x86_64; rv:25.0; GTmetrix http://gtmetrix.com/) Gecko/20100101 Firefox/25.0',1406301707,''),
	('9546dcad5db37cc148ddc250f939ab49','204.187.14.75','Mozilla/5.0 (X11; Linux i686 on x86_64; rv:25.0; GTmetrix http://gtmetrix.com/) Gecko/20100101 Firefox/25.0',1406301707,''),
	('1947d3c659bcbb994882076a9eebf8f6','204.187.14.75','Mozilla/5.0 (X11; Linux i686 on x86_64; rv:25.0) Gecko/20100101 Firefox/25.0',1406301710,''),
	('16ba19721590ae5e944080001cd1b1a0','204.187.14.75','Mozilla/5.0 (X11; Linux i686 on x86_64; rv:25.0) Gecko/20100101 Firefox/25.0',1406301710,''),
	('8110f3268f6e0d196dfbd2af3f66b5e5','82.161.69.199','Mozilla/5.0 (Macintosh; Intel Mac OS X 10_9_4) AppleWebKit/537.36 (KHTML, like Gecko) Chrome/36.0.1985.125 Safari/537.36',1406302406,''),
	('63e518751bdced5d7e00714704dd6809','83.160.149.24','Mozilla/5.0 (Macintosh; Intel Mac OS X 10_9_4) AppleWebKit/537.36 (KHTML, like Gecko) Chrome/36.0.1985.125 Safari/537.36',1406302646,''),
	('1c0df62e21070586448d6a5eefc48fe6','83.160.149.24','Mozilla/5.0 (Macintosh; Intel Mac OS X 10_9_4) AppleWebKit/537.36 (KHTML, like Gecko) Chrome/36.0.1985.125 Safari/537.36',1406302646,''),
	('1a7a9e76484c70112ae3809d6c2eb344','131.155.217.18','Mozilla/5.0 (Macintosh; Intel Mac OS X 10_9_4) AppleWebKit/537.36 (KHTML, like Gecko) Chrome/36.0.1985.125 Safari/537.36',1406302656,''),
	('64df7b11ba14a0a5bf683766e3d21978','131.155.217.18','Mozilla/5.0 (Macintosh; Intel Mac OS X 10_9_4) AppleWebKit/537.36 (KHTML, like Gecko) Chrome/36.0.1985.125 Safari/537.36',1406302656,''),
	('b679c1daf2a2f21637cf1f9a95ee704c','192.81.131.15','research-scanner/1.0 (www.internetscanningproject.org)',1406304056,''),
	('9109e2a288d52a021d8422acce5c6ba8','192.81.131.15','research-scanner/1.0 (www.internetscanningproject.org)',1406304056,''),
	('5686f22163920da97dba3690cf390780','66.249.93.93','Mozilla/5.0 (X11; Linux x86_64) AppleWebKit/537.36 (KHTML, like Gecko; Google Page Speed Insights) Chrome/27.0.1453 Safa',1406305441,''),
	('5603f0d91535ac8ad939035791f4d458','66.249.93.93','Mozilla/5.0 (iPhone; CPU iPhone OS 6_0_1 like Mac OS X) AppleWebKit/537.36 (KHTML, like Gecko; Google Page Speed Insight',1406305441,''),
	('25359b5f03269efe10e8ebef105ca3eb','66.249.93.93','Mozilla/5.0 (X11; Linux x86_64) AppleWebKit/537.36 (KHTML, like Gecko; Google Page Speed Insights) Chrome/27.0.1453 Safa',1406305441,''),
	('45a37b3b6e761991baea3fcdfc269001','66.249.93.93','Mozilla/5.0 (iPhone; CPU iPhone OS 6_0_1 like Mac OS X) AppleWebKit/537.36 (KHTML, like Gecko; Google Page Speed Insight',1406305441,''),
	('fde02094dcb1ee575600216f8ee54067','66.249.88.50','Mozilla/5.0 (X11; Linux x86_64) AppleWebKit/537.36 (KHTML, like Gecko; Google Page Speed Insights) Chrome/27.0.1453 Safa',1406305442,''),
	('c36c3746e92825a36813657385140ad4','66.249.88.50','Mozilla/5.0 (iPhone; CPU iPhone OS 6_0_1 like Mac OS X) AppleWebKit/537.36 (KHTML, like Gecko; Google Page Speed Insight',1406305442,''),
	('e95478e798b838fc33765f0a6328ea35','66.249.88.50','Mozilla/5.0 (X11; Linux x86_64) AppleWebKit/537.36 (KHTML, like Gecko; Google Page Speed Insights) Chrome/27.0.1453 Safa',1406305442,''),
	('fc9cef80bb6c1b3cae0b981a640fda6f','66.249.88.50','Mozilla/5.0 (iPhone; CPU iPhone OS 6_0_1 like Mac OS X) AppleWebKit/537.36 (KHTML, like Gecko; Google Page Speed Insight',1406305442,''),
	('19381b8112cf6c4418d13d20307d7dca','66.249.88.50','Mozilla/5.0 (X11; Linux x86_64) AppleWebKit/537.36 (KHTML, like Gecko; Google Page Speed Insights) Chrome/27.0.1453 Safa',1406305442,''),
	('8b848f9e1825e8552b928199725ae534','66.249.88.50','Mozilla/5.0 (iPhone; CPU iPhone OS 6_0_1 like Mac OS X) AppleWebKit/537.36 (KHTML, like Gecko; Google Page Speed Insight',1406305442,''),
	('d35f17eba680d0e501cd10eedf5bb5ca','66.249.88.50','Mozilla/5.0 (iPhone; CPU iPhone OS 6_0_1 like Mac OS X) AppleWebKit/537.36 (KHTML, like Gecko; Google Page Speed Insight',1406305442,''),
	('02128a429650098bf793a1f430ed84af','66.249.88.50','Mozilla/5.0 (X11; Linux x86_64) AppleWebKit/537.36 (KHTML, like Gecko; Google Page Speed Insights) Chrome/27.0.1453 Safa',1406305442,''),
	('49d53fc13a5ef088c26cf284c268587e','82.161.69.199','Mozilla/5.0 (Macintosh; Intel Mac OS X 10_9_4) AppleWebKit/537.36 (KHTML, like Gecko) Chrome/36.0.1985.125 Safari/537.36',1406305526,''),
	('56cbb843b64e04d4eba146993051a908','82.161.69.199','Mozilla/5.0 (Macintosh; Intel Mac OS X 10_9_4) AppleWebKit/537.36 (KHTML, like Gecko) Chrome/36.0.1985.125 Safari/537.36',1406305526,''),
	('2ad05adc34852d8eb399bfc8b1ec2a07','83.160.149.24','Mozilla/5.0 (Macintosh; Intel Mac OS X 10_9_4) AppleWebKit/537.36 (KHTML, like Gecko) Chrome/36.0.1985.125 Safari/537.36',1406309887,''),
	('7a119f7485befca116af3396f5fa08a3','83.160.149.24','Mozilla/5.0 (Macintosh; Intel Mac OS X 10_9_4) AppleWebKit/537.36 (KHTML, like Gecko) Chrome/36.0.1985.125 Safari/537.36',1406309887,''),
	('55cd7c680546ebb5cbe60b4d337db57a','83.160.149.24','Mozilla/5.0 (iPhone; CPU iPhone OS 7_1_2 like Mac OS X) AppleWebKit/537.51.2 (KHTML, like Gecko) Version/7.0 Mobile/11D2',1406311911,''),
	('986a66035ca0ae3b0b5dce18cf295362','83.160.149.24','Mozilla/5.0 (iPhone; CPU iPhone OS 7_1_2 like Mac OS X) AppleWebKit/537.51.2 (KHTML, like Gecko) Version/7.0 Mobile/11D2',1406311911,''),
	('b7b63dac329881b50a69037c63eeffb4','66.249.93.93','Mozilla/5.0 (iPhone; CPU iPhone OS 6_0_1 like Mac OS X) AppleWebKit/537.36 (KHTML, like Gecko; Google Page Speed Insight',1406313685,''),
	('8da94b8fa01b10ce934bfba8699df092','66.249.93.93','Mozilla/5.0 (iPhone; CPU iPhone OS 6_0_1 like Mac OS X) AppleWebKit/537.36 (KHTML, like Gecko; Google Page Speed Insight',1406313685,''),
	('358fb8458f69e7d20af4c39228ed34e3','66.249.93.93','Mozilla/5.0 (X11; Linux x86_64) AppleWebKit/537.36 (KHTML, like Gecko; Google Page Speed Insights) Chrome/27.0.1453 Safa',1406313685,''),
	('16ad559f580a8788cf20cd48790199a9','66.249.93.93','Mozilla/5.0 (X11; Linux x86_64) AppleWebKit/537.36 (KHTML, like Gecko; Google Page Speed Insights) Chrome/27.0.1453 Safa',1406313685,''),
	('296be4ccd538de52ceee0ec4282101c5','66.249.88.50','Mozilla/5.0 (iPhone; CPU iPhone OS 6_0_1 like Mac OS X) AppleWebKit/537.36 (KHTML, like Gecko; Google Page Speed Insight',1406313686,''),
	('5ed12aa749aa96ba8b60afe534dfe888','66.249.88.50','Mozilla/5.0 (iPhone; CPU iPhone OS 6_0_1 like Mac OS X) AppleWebKit/537.36 (KHTML, like Gecko; Google Page Speed Insight',1406313686,''),
	('c3a7e73f3005b80dd0a38dce7758aab4','66.249.88.50','Mozilla/5.0 (iPhone; CPU iPhone OS 6_0_1 like Mac OS X) AppleWebKit/537.36 (KHTML, like Gecko; Google Page Speed Insight',1406313686,''),
	('9cb1e2afd206f4c077c508f322f2a243','66.249.88.50','Mozilla/5.0 (iPhone; CPU iPhone OS 6_0_1 like Mac OS X) AppleWebKit/537.36 (KHTML, like Gecko; Google Page Speed Insight',1406313686,''),
	('6ccd2bc6263aaccb5a11bb18545ba8e0','66.249.88.50','Mozilla/5.0 (X11; Linux x86_64) AppleWebKit/537.36 (KHTML, like Gecko; Google Page Speed Insights) Chrome/27.0.1453 Safa',1406313690,''),
	('0f361ed910ef8a0acc69ea818b3db39c','66.249.88.50','Mozilla/5.0 (X11; Linux x86_64) AppleWebKit/537.36 (KHTML, like Gecko; Google Page Speed Insights) Chrome/27.0.1453 Safa',1406313690,''),
	('5d6fe1b3c8adae36b6cbda9a4e5a7269','66.249.88.50','Mozilla/5.0 (X11; Linux x86_64) AppleWebKit/537.36 (KHTML, like Gecko; Google Page Speed Insights) Chrome/27.0.1453 Safa',1406313690,''),
	('f9fa3cf8058ccc67e5bf07695ac3ce89','66.249.88.50','Mozilla/5.0 (X11; Linux x86_64) AppleWebKit/537.36 (KHTML, like Gecko; Google Page Speed Insights) Chrome/27.0.1453 Safa',1406313690,''),
	('8e65e6107084dad1fccd04c0d34f8afa','66.249.93.93','Mozilla/5.0 (X11; Linux x86_64) AppleWebKit/537.36 (KHTML, like Gecko; Google Page Speed Insights) Chrome/27.0.1453 Safa',1406313806,''),
	('4dbe870fad9af7e5c92d7dec9f19374e','66.249.93.93','Mozilla/5.0 (X11; Linux x86_64) AppleWebKit/537.36 (KHTML, like Gecko; Google Page Speed Insights) Chrome/27.0.1453 Safa',1406313806,''),
	('f49131a2acfeef5ed2cf676f2223bef8','66.249.93.93','Mozilla/5.0 (iPhone; CPU iPhone OS 6_0_1 like Mac OS X) AppleWebKit/537.36 (KHTML, like Gecko; Google Page Speed Insight',1406313806,''),
	('3c1b465ec1f1f602ac2780dd09afbddc','66.249.93.93','Mozilla/5.0 (iPhone; CPU iPhone OS 6_0_1 like Mac OS X) AppleWebKit/537.36 (KHTML, like Gecko; Google Page Speed Insight',1406313806,''),
	('a4098cb310d63f76f4eac81f5194358d','66.249.88.50','Mozilla/5.0 (iPhone; CPU iPhone OS 6_0_1 like Mac OS X) AppleWebKit/537.36 (KHTML, like Gecko; Google Page Speed Insight',1406313806,''),
	('6b83cc2961136e56d3c33624c49b5b9b','66.249.88.50','Mozilla/5.0 (X11; Linux x86_64) AppleWebKit/537.36 (KHTML, like Gecko; Google Page Speed Insights) Chrome/27.0.1453 Safa',1406313806,''),
	('3febc9de2a3026090aaf9c11fc4d4c18','66.249.88.50','Mozilla/5.0 (X11; Linux x86_64) AppleWebKit/537.36 (KHTML, like Gecko; Google Page Speed Insights) Chrome/27.0.1453 Safa',1406313806,''),
	('adc288dd66c4bc4133108004e68f75c3','66.249.88.50','Mozilla/5.0 (iPhone; CPU iPhone OS 6_0_1 like Mac OS X) AppleWebKit/537.36 (KHTML, like Gecko; Google Page Speed Insight',1406313806,''),
	('225ed3ec2fc91d4243974e75f8333aab','66.249.88.50','Mozilla/5.0 (iPhone; CPU iPhone OS 6_0_1 like Mac OS X) AppleWebKit/537.36 (KHTML, like Gecko; Google Page Speed Insight',1406313806,''),
	('35c9226beafc97a910e8e2475a0b4974','66.249.88.50','Mozilla/5.0 (X11; Linux x86_64) AppleWebKit/537.36 (KHTML, like Gecko; Google Page Speed Insights) Chrome/27.0.1453 Safa',1406313806,''),
	('187e142c74932103159ad7d69d5f218e','66.249.88.50','Mozilla/5.0 (X11; Linux x86_64) AppleWebKit/537.36 (KHTML, like Gecko; Google Page Speed Insights) Chrome/27.0.1453 Safa',1406313806,''),
	('7e0841eb5392460aeb60f0d3ae726647','66.249.88.50','Mozilla/5.0 (iPhone; CPU iPhone OS 6_0_1 like Mac OS X) AppleWebKit/537.36 (KHTML, like Gecko; Google Page Speed Insight',1406313806,''),
	('c8ce192f26105da98be0ab06ec6694be','83.160.149.24','Mozilla/5.0 (Macintosh; Intel Mac OS X 10_9_4) AppleWebKit/537.36 (KHTML, like Gecko) Chrome/35.0.1916.153 Safari/537.36',1406321197,'a:2:{s:9:\"user_data\";s:0:\"\";s:4:\"user\";a:6:{s:7:\"user_id\";s:1:\"1\";s:11:\"user_active\";s:1:\"1\";s:10:\"user_email\";s:14:\"sander@sb-a.nl\";s:8:\"user_acl\";s:1:\"2\";s:10:\"user_fname\";s:6:\"Sander\";s:10:\"user_lname\";s:7:\"Brouwer\";}}'),
	('c5cf746c595c2edeacc805f26c5999af','66.249.93.93','Mozilla/5.0 (iPhone; CPU iPhone OS 6_0_1 like Mac OS X) AppleWebKit/537.36 (KHTML, like Gecko; Google Page Speed Insight',1406314000,''),
	('6ecde2dbd564cd1b6ec6036c73404a1d','66.249.93.93','Mozilla/5.0 (X11; Linux x86_64) AppleWebKit/537.36 (KHTML, like Gecko; Google Page Speed Insights) Chrome/27.0.1453 Safa',1406314000,''),
	('448d37c16bad59c07ee76d5517b41e51','66.249.93.93','Mozilla/5.0 (iPhone; CPU iPhone OS 6_0_1 like Mac OS X) AppleWebKit/537.36 (KHTML, like Gecko; Google Page Speed Insight',1406314000,''),
	('65a56dd2778715a7292164b7ca0e9580','66.249.93.93','Mozilla/5.0 (X11; Linux x86_64) AppleWebKit/537.36 (KHTML, like Gecko; Google Page Speed Insights) Chrome/27.0.1453 Safa',1406314000,''),
	('1b880c85fa8c3e5f1ffa6807f9ac2708','66.249.88.50','Mozilla/5.0 (iPhone; CPU iPhone OS 6_0_1 like Mac OS X) AppleWebKit/537.36 (KHTML, like Gecko; Google Page Speed Insight',1406314000,''),
	('c35e3c48d462b466753a7b4f0818447b','66.249.88.50','Mozilla/5.0 (X11; Linux x86_64) AppleWebKit/537.36 (KHTML, like Gecko; Google Page Speed Insights) Chrome/27.0.1453 Safa',1406314000,''),
	('d7ee77876741f9fb1d8b2fb5f632a07a','66.249.88.50','Mozilla/5.0 (iPhone; CPU iPhone OS 6_0_1 like Mac OS X) AppleWebKit/537.36 (KHTML, like Gecko; Google Page Speed Insight',1406314000,''),
	('70ba5be4635afab9d35cbdb265239dbc','66.249.88.50','Mozilla/5.0 (X11; Linux x86_64) AppleWebKit/537.36 (KHTML, like Gecko; Google Page Speed Insights) Chrome/27.0.1453 Safa',1406314000,''),
	('e031a83b136f7f499a894e892cc1f970','66.249.88.50','Mozilla/5.0 (iPhone; CPU iPhone OS 6_0_1 like Mac OS X) AppleWebKit/537.36 (KHTML, like Gecko; Google Page Speed Insight',1406314000,''),
	('38f716e6b0865ebd3c9483f82d5aba23','66.249.88.50','Mozilla/5.0 (iPhone; CPU iPhone OS 6_0_1 like Mac OS X) AppleWebKit/537.36 (KHTML, like Gecko; Google Page Speed Insight',1406314000,''),
	('822752706caa16fa280f30a8c5fe7d13','66.249.88.50','Mozilla/5.0 (X11; Linux x86_64) AppleWebKit/537.36 (KHTML, like Gecko; Google Page Speed Insights) Chrome/27.0.1453 Safa',1406314000,''),
	('c607d386fe3c90d4dd3991364c05c608','66.249.88.50','Mozilla/5.0 (X11; Linux x86_64) AppleWebKit/537.36 (KHTML, like Gecko; Google Page Speed Insights) Chrome/27.0.1453 Safa',1406314001,''),
	('69ca7c0164af090694157c4c23f31180','66.249.93.93','Mozilla/5.0 (X11; Linux x86_64) AppleWebKit/537.36 (KHTML, like Gecko; Google Page Speed Insights) Chrome/27.0.1453 Safa',1406314118,''),
	('c9df0dfa4c7d6386d1af167eabca5bc9','66.249.93.93','Mozilla/5.0 (iPhone; CPU iPhone OS 6_0_1 like Mac OS X) AppleWebKit/537.36 (KHTML, like Gecko; Google Page Speed Insight',1406314118,''),
	('8a6f443709670f24d4733d41a887ed74','66.249.93.93','Mozilla/5.0 (X11; Linux x86_64) AppleWebKit/537.36 (KHTML, like Gecko; Google Page Speed Insights) Chrome/27.0.1453 Safa',1406314118,''),
	('ea9726fe20db4e9e14927aef58ff44cd','66.249.93.93','Mozilla/5.0 (iPhone; CPU iPhone OS 6_0_1 like Mac OS X) AppleWebKit/537.36 (KHTML, like Gecko; Google Page Speed Insight',1406314118,''),
	('2977c66c8abecc5ff6030b9f7a9c19fc','66.249.88.50','Mozilla/5.0 (X11; Linux x86_64) AppleWebKit/537.36 (KHTML, like Gecko; Google Page Speed Insights) Chrome/27.0.1453 Safa',1406314118,''),
	('13eb85ced4153a601e1f006064e1a7cb','66.249.88.50','Mozilla/5.0 (iPhone; CPU iPhone OS 6_0_1 like Mac OS X) AppleWebKit/537.36 (KHTML, like Gecko; Google Page Speed Insight',1406314118,''),
	('1701f221fd8cdd919795cd48b1d96152','66.249.88.50','Mozilla/5.0 (X11; Linux x86_64) AppleWebKit/537.36 (KHTML, like Gecko; Google Page Speed Insights) Chrome/27.0.1453 Safa',1406314118,''),
	('736f183b837119d221624310791e90ad','66.249.88.50','Mozilla/5.0 (X11; Linux x86_64) AppleWebKit/537.36 (KHTML, like Gecko; Google Page Speed Insights) Chrome/27.0.1453 Safa',1406314118,''),
	('e1588af669e1312b1ff52909dc52d4a8','66.249.88.50','Mozilla/5.0 (iPhone; CPU iPhone OS 6_0_1 like Mac OS X) AppleWebKit/537.36 (KHTML, like Gecko; Google Page Speed Insight',1406314118,''),
	('a8774dd6976e0826d449491e142a4293','66.249.88.50','Mozilla/5.0 (X11; Linux x86_64) AppleWebKit/537.36 (KHTML, like Gecko; Google Page Speed Insights) Chrome/27.0.1453 Safa',1406314118,''),
	('0fd92fbda2663d4fe0465ddfea6bbe42','66.249.88.50','Mozilla/5.0 (iPhone; CPU iPhone OS 6_0_1 like Mac OS X) AppleWebKit/537.36 (KHTML, like Gecko; Google Page Speed Insight',1406314118,''),
	('d9f3e0b3974ced95ed00bb2945f26c69','66.249.88.50','Mozilla/5.0 (iPhone; CPU iPhone OS 6_0_1 like Mac OS X) AppleWebKit/537.36 (KHTML, like Gecko; Google Page Speed Insight',1406314118,''),
	('73afc6e7b297eea51a621509273e88df','83.160.149.24','Mozilla/5.0 (Macintosh; Intel Mac OS X 10_9_4) AppleWebKit/537.36 (KHTML, like Gecko) Chrome/35.0.1916.153 Safari/537.36',1406328407,''),
	('09f9569b2255bb3ff61ca812f56a0c3c','83.160.149.24','Mozilla/5.0 (Macintosh; Intel Mac OS X 10_9_4) AppleWebKit/537.36 (KHTML, like Gecko) Chrome/35.0.1916.153 Safari/537.36',1406328407,''),
	('00bbce7b33abc97a471fd10d44e5e385','83.160.149.24','Mozilla/5.0 (Macintosh; Intel Mac OS X 10_9_4) AppleWebKit/537.36 (KHTML, like Gecko) Chrome/35.0.1916.153 Safari/537.36',1406328417,''),
	('e9fe39afd7f17ad3735c24c7d449f3b9','83.160.149.24','Mozilla/5.0 (Macintosh; Intel Mac OS X 10_9_4) AppleWebKit/537.36 (KHTML, like Gecko) Chrome/35.0.1916.153 Safari/537.36',1406335627,''),
	('1a8ef6f8e46a521d76003de090160cd8','173.230.156.31','research-scanner/1.0 (www.internetscanningproject.org)',1406330314,''),
	('77b57c0e983c84bc47f1cc7269316e49','173.230.156.31','research-scanner/1.0 (www.internetscanningproject.org)',1406330314,''),
	('8fc801eb2e735de7683a93a0aa64984f','83.160.149.24','Mozilla/5.0 (Macintosh; Intel Mac OS X 10_9_4) AppleWebKit/537.36 (KHTML, like Gecko) Chrome/35.0.1916.153 Safari/537.36',1406342837,''),
	('b3bb44c4378f48138aa86ccb6d483036','83.160.149.24','Mozilla/5.0 (Macintosh; Intel Mac OS X 10_9_4) AppleWebKit/537.36 (KHTML, like Gecko) Chrome/35.0.1916.153 Safari/537.36',1406342837,''),
	('be7fcbfd11b81ea7b581245a4ba7da1b','83.160.149.24','Mozilla/5.0 (Macintosh; Intel Mac OS X 10_9_4) AppleWebKit/537.36 (KHTML, like Gecko) Chrome/35.0.1916.153 Safari/537.36',1406342847,''),
	('5b2f6b673037f6e715eef01def4e6a0b','83.160.149.24','Mozilla/5.0 (Macintosh; Intel Mac OS X 10_9_4) AppleWebKit/537.36 (KHTML, like Gecko) Chrome/35.0.1916.153 Safari/537.36',1406350056,''),
	('841b38ed4c45a299541ccaa3a01c3e80','83.160.149.24','Mozilla/5.0 (Macintosh; Intel Mac OS X 10_9_4) AppleWebKit/537.36 (KHTML, like Gecko) Chrome/35.0.1916.153 Safari/537.36',1406357266,''),
	('5eb1f4eeca9f41e7d45fb82c3debcfe4','83.160.149.24','Mozilla/5.0 (Macintosh; Intel Mac OS X 10_9_4) AppleWebKit/537.36 (KHTML, like Gecko) Chrome/35.0.1916.153 Safari/537.36',1406357266,''),
	('e0e5b68d94d44774956142d7e660751c','83.160.149.24','Mozilla/5.0 (Macintosh; Intel Mac OS X 10_9_4) AppleWebKit/537.36 (KHTML, like Gecko) Chrome/35.0.1916.153 Safari/537.36',1406357276,''),
	('10df64e8830b211ee524020269002893','83.160.149.24','Mozilla/5.0 (Macintosh; Intel Mac OS X 10_9_4) AppleWebKit/537.36 (KHTML, like Gecko) Chrome/35.0.1916.153 Safari/537.36',1406364486,''),
	('32d4715d41dd63315aae498a0aa3fd5a','83.160.149.24','Mozilla/5.0 (Macintosh; Intel Mac OS X 10_9_4) AppleWebKit/537.36 (KHTML, like Gecko) Chrome/35.0.1916.153 Safari/537.36',1406371687,''),
	('06b008ea86ddf240f9b70df1adb3e147','179.43.134.2','Mozilla/5.0 (Windows NT 6.1; WOW64; rv:8.0) Gecko/20100101 Firefox/8.0',1406365017,''),
	('a4b8d0ac2b55a94304a5a0e2d454aed5','179.43.134.2','Mozilla/5.0 (Windows NT 6.1; WOW64; rv:8.0) Gecko/20100101 Firefox/8.0',1406365017,''),
	('c4a2580fda46ed220c82cd0ffc5be51c','83.160.149.24','Mozilla/5.0 (Macintosh; Intel Mac OS X 10_9_4) AppleWebKit/537.36 (KHTML, like Gecko) Chrome/35.0.1916.153 Safari/537.36',1406378888,''),
	('016239d610618c7b4228977c000ea209','66.249.93.93','Mozilla/5.0 (X11; Linux x86_64) AppleWebKit/537.36 (KHTML, like Gecko; Google Page Speed Insights) Chrome/27.0.1453 Safa',1406373310,''),
	('d3be3a8e08c2e3efa806754ac68ed0cd','66.249.93.93','Mozilla/5.0 (iPhone; CPU iPhone OS 6_0_1 like Mac OS X) AppleWebKit/537.36 (KHTML, like Gecko; Google Page Speed Insight',1406373310,''),
	('edd3d659ec3c8eabb83573bcf6f9ff16','66.249.93.93','Mozilla/5.0 (iPhone; CPU iPhone OS 6_0_1 like Mac OS X) AppleWebKit/537.36 (KHTML, like Gecko; Google Page Speed Insight',1406373310,''),
	('163ae34a5d7bbedf4ad0540d2863b1b6','66.249.93.93','Mozilla/5.0 (X11; Linux x86_64) AppleWebKit/537.36 (KHTML, like Gecko; Google Page Speed Insights) Chrome/27.0.1453 Safa',1406373310,''),
	('bf73bd039ac2b6f73bf4147ce337839f','66.249.88.50','Mozilla/5.0 (iPhone; CPU iPhone OS 6_0_1 like Mac OS X) AppleWebKit/537.36 (KHTML, like Gecko; Google Page Speed Insight',1406373310,''),
	('e3987b4796029050590547e69376ca24','66.249.88.50','Mozilla/5.0 (iPhone; CPU iPhone OS 6_0_1 like Mac OS X) AppleWebKit/537.36 (KHTML, like Gecko; Google Page Speed Insight',1406373310,''),
	('919872a9707fecd90307ac1eaa1ef5ed','66.249.88.50','Mozilla/5.0 (iPhone; CPU iPhone OS 6_0_1 like Mac OS X) AppleWebKit/537.36 (KHTML, like Gecko; Google Page Speed Insight',1406373310,''),
	('0920ae4c1e26c8413831b0cde13eb6c2','66.249.88.50','Mozilla/5.0 (iPhone; CPU iPhone OS 6_0_1 like Mac OS X) AppleWebKit/537.36 (KHTML, like Gecko; Google Page Speed Insight',1406373310,''),
	('ccac732f020e9ab40a7bc3f3a1ba90af','66.249.88.50','Mozilla/5.0 (X11; Linux x86_64) AppleWebKit/537.36 (KHTML, like Gecko; Google Page Speed Insights) Chrome/27.0.1453 Safa',1406373310,''),
	('7b9ddba2b9a629a7590d91b4a1a51443','66.249.88.50','Mozilla/5.0 (X11; Linux x86_64) AppleWebKit/537.36 (KHTML, like Gecko; Google Page Speed Insights) Chrome/27.0.1453 Safa',1406373310,''),
	('b28c65e2e0c42d5b7ebb08c81ac2ba5b','66.249.88.50','Mozilla/5.0 (X11; Linux x86_64) AppleWebKit/537.36 (KHTML, like Gecko; Google Page Speed Insights) Chrome/27.0.1453 Safa',1406373310,''),
	('3c9c85fd1f9b38014e0009d26ad0bf9a','66.249.88.50','Mozilla/5.0 (X11; Linux x86_64) AppleWebKit/537.36 (KHTML, like Gecko; Google Page Speed Insights) Chrome/27.0.1453 Safa',1406373310,''),
	('d3d987b984f602ad4f37d7e2a486fb7c','83.160.149.24','Mozilla/5.0 (Macintosh; Intel Mac OS X 10_9_4) AppleWebKit/537.36 (KHTML, like Gecko) Chrome/35.0.1916.153 Safari/537.36',1406569711,''),
	('2ed643c386286172c171be397b7bdf58','222.211.220.14','Mozilla/5.0 (Windows NT 6.1; WOW64) AppleWebKit/537.36 (KHTML, like Gecko) Chrome/35.0.1916.114 Safari/537.36',1406381200,''),
	('ca74c9bfd2661976691bd71816fe5f19','222.211.220.14','Mozilla/5.0 (Windows NT 6.1; WOW64) AppleWebKit/537.36 (KHTML, like Gecko) Chrome/35.0.1916.114 Safari/537.36',1406381200,''),
	('791335795a80f905ce1b1ec990ae5d74','80.57.191.103','Mozilla/5.0 (Macintosh; Intel Mac OS X 10_9_4) AppleWebKit/537.36 (KHTML, like Gecko) Chrome/36.0.1985.125 Safari/537.36',1406397227,''),
	('7a9fa7cc78b6caaf54c3df88cb62841c','80.57.191.103','Mozilla/5.0 (Macintosh; Intel Mac OS X 10_9_4) AppleWebKit/537.36 (KHTML, like Gecko) Chrome/36.0.1985.125 Safari/537.36',1406397227,''),
	('43b9ffaff9b72be7f2d0a88d77521b17','80.57.191.103','Mozilla/5.0 (iPhone; CPU iPhone OS 7_1_2 like Mac OS X) AppleWebKit/537.51.2 (KHTML, like Gecko) Version/7.0 Mobile/11D2',1406402729,''),
	('5639132d2bd383642821e46e7b225a83','80.57.191.103','Mozilla/5.0 (iPhone; CPU iPhone OS 7_1_2 like Mac OS X) AppleWebKit/537.51.2 (KHTML, like Gecko) Version/7.0 Mobile/11D2',1406402729,''),
	('ca3815661ae222c30dd6b22c669480c7','95.211.138.10','0',1406410878,''),
	('91a40cb6d2a53de525f97bd9b48d9551','95.211.138.10','0',1406410878,''),
	('c2197914bfc9b038e61ea4ff79b8e0fb','83.160.149.24','Mozilla/5.0 (Macintosh; Intel Mac OS X 10_9_4) AppleWebKit/537.36 (KHTML, like Gecko) Chrome/36.0.1985.125 Safari/537.36',1406496448,''),
	('6dcbcd8281196332b06eec9c76115825','83.160.149.24','Mozilla/5.0 (Macintosh; Intel Mac OS X 10_9_4) AppleWebKit/537.36 (KHTML, like Gecko) Chrome/36.0.1985.125 Safari/537.36',1406496449,'a:2:{s:9:\"user_data\";s:0:\"\";s:4:\"user\";a:6:{s:7:\"user_id\";s:1:\"1\";s:11:\"user_active\";s:1:\"1\";s:10:\"user_email\";s:14:\"sander@sb-a.nl\";s:8:\"user_acl\";s:1:\"2\";s:10:\"user_fname\";s:6:\"Sander\";s:10:\"user_lname\";s:7:\"Brouwer\";}}'),
	('92621bc60d2a3c7d2b162974ab027b45','82.161.69.199','Mozilla/5.0 (Macintosh; Intel Mac OS X 10_9_4) AppleWebKit/537.36 (KHTML, like Gecko) Chrome/36.0.1985.125 Safari/537.36',1406529725,''),
	('8378407318beffcf4989efc1888a0631','82.161.69.199','Mozilla/5.0 (Macintosh; Intel Mac OS X 10_9_4) AppleWebKit/537.36 (KHTML, like Gecko) Chrome/36.0.1985.125 Safari/537.36',1406544416,'a:2:{s:9:\"user_data\";s:0:\"\";s:4:\"user\";a:6:{s:7:\"user_id\";s:1:\"1\";s:11:\"user_active\";s:1:\"1\";s:10:\"user_email\";s:14:\"sander@sb-a.nl\";s:8:\"user_acl\";s:1:\"2\";s:10:\"user_fname\";s:6:\"Sander\";s:10:\"user_lname\";s:7:\"Brouwer\";}}'),
	('73a8504993c08bc541b17e9a9053d24b','82.161.69.199','Mozilla/5.0 (Macintosh; Intel Mac OS X 10_9_4) AppleWebKit/537.36 (KHTML, like Gecko) Chrome/36.0.1985.125 Safari/537.36',1406544416,''),
	('92411c319a372bfe136aa4550f17991a','82.161.69.199','Mozilla/5.0 (Macintosh; Intel Mac OS X 10_9_4) AppleWebKit/537.36 (KHTML, like Gecko) Chrome/36.0.1985.125 Safari/537.36',1406551622,''),
	('215594988b75acae8d6ac3cb10b5758f','82.161.69.199','Mozilla/5.0 (Macintosh; Intel Mac OS X 10_9_4) AppleWebKit/537.36 (KHTML, like Gecko) Chrome/36.0.1985.125 Safari/537.36',1406558825,'a:2:{s:9:\"user_data\";s:0:\"\";s:4:\"user\";a:6:{s:7:\"user_id\";s:1:\"1\";s:11:\"user_active\";s:1:\"1\";s:10:\"user_email\";s:14:\"sander@sb-a.nl\";s:8:\"user_acl\";s:1:\"2\";s:10:\"user_fname\";s:6:\"Sander\";s:10:\"user_lname\";s:7:\"Brouwer\";}}'),
	('fb4461ee1d9c6f8a76690a269e86ddc8','82.161.69.199','Mozilla/5.0 (Macintosh; Intel Mac OS X 10_9_4) AppleWebKit/537.36 (KHTML, like Gecko) Chrome/36.0.1985.125 Safari/537.36',1406558825,'a:2:{s:9:\"user_data\";s:0:\"\";s:4:\"user\";a:6:{s:7:\"user_id\";s:1:\"1\";s:11:\"user_active\";s:1:\"1\";s:10:\"user_email\";s:14:\"sander@sb-a.nl\";s:8:\"user_acl\";s:1:\"2\";s:10:\"user_fname\";s:6:\"Sander\";s:10:\"user_lname\";s:7:\"Brouwer\";}}'),
	('605154f32b16c1e4af9df051b4abcb4d','83.160.149.24','Mozilla/5.0 (Macintosh; Intel Mac OS X 10_9_4) AppleWebKit/537.36 (KHTML, like Gecko) Chrome/36.0.1985.125 Safari/537.36',1406564836,''),
	('0ebaa0709abad0f15462cc305aafa5e8','83.160.149.24','Mozilla/5.0 (Macintosh; Intel Mac OS X 10_9_4) AppleWebKit/537.36 (KHTML, like Gecko) Chrome/36.0.1985.125 Safari/537.36',1406572249,'a:2:{s:9:\"user_data\";s:0:\"\";s:4:\"user\";a:6:{s:7:\"user_id\";s:1:\"1\";s:11:\"user_active\";s:1:\"1\";s:10:\"user_email\";s:14:\"sander@sb-a.nl\";s:8:\"user_acl\";s:1:\"2\";s:10:\"user_fname\";s:6:\"Sander\";s:10:\"user_lname\";s:7:\"Brouwer\";}}'),
	('1706eeefee2acb3ab11840fde427dae8','83.160.149.24','Mozilla/5.0 (Macintosh; Intel Mac OS X 10_9_4) AppleWebKit/537.77.4 (KHTML, like Gecko) Version/7.0.5 Safari/537.77.4',1406568346,''),
	('d1c3ca78ebfb99392ef4dca85264aecf','83.160.149.24','Mozilla/5.0 (Macintosh; Intel Mac OS X 10_9_4) AppleWebKit/537.77.4 (KHTML, like Gecko) Version/7.0.5 Safari/537.77.4',1406568346,''),
	('ec7033b46f13659cd6be430cbb67ea8f','83.160.149.24','Mozilla/5.0 (Macintosh; Intel Mac OS X 10_9_4) AppleWebKit/537.36 (KHTML, like Gecko) Chrome/35.0.1916.153 Safari/537.36',1406577309,'a:2:{s:9:\"user_data\";s:0:\"\";s:4:\"user\";a:6:{s:7:\"user_id\";s:1:\"1\";s:11:\"user_active\";s:1:\"1\";s:10:\"user_email\";s:14:\"sander@sb-a.nl\";s:8:\"user_acl\";s:1:\"2\";s:10:\"user_fname\";s:6:\"Sander\";s:10:\"user_lname\";s:7:\"Brouwer\";}}'),
	('6f21a12156e7e4b7566e7703745ee0e9','83.160.149.24','Mozilla/5.0 (Macintosh; Intel Mac OS X 10_9_4) AppleWebKit/537.77.4 (KHTML, like Gecko) Version/7.0.5 Safari/537.77.4',1406570660,''),
	('8aee0a1143e8375385de5accf6a82c72','83.160.149.24','Mozilla/5.0 (Macintosh; Intel Mac OS X 10_9_4) AppleWebKit/537.77.4 (KHTML, like Gecko) Version/7.0.5 Safari/537.77.4',1406888173,''),
	('597a65566e99fea4ced854215e820f03','83.160.149.24','Mozilla/5.0 (Macintosh; Intel Mac OS X 10_9_4) AppleWebKit/537.36 (KHTML, like Gecko) Chrome/36.0.1985.125 Safari/537.36',1406572249,''),
	('e36c2df533f43925e1186067769b9ea5','83.160.149.24','Mozilla/5.0 (Macintosh; Intel Mac OS X 10_9_4) AppleWebKit/537.36 (KHTML, like Gecko) Chrome/36.0.1985.125 Safari/537.36',1406572249,'a:2:{s:9:\"user_data\";s:0:\"\";s:4:\"user\";a:6:{s:7:\"user_id\";s:1:\"1\";s:11:\"user_active\";s:1:\"1\";s:10:\"user_email\";s:14:\"sander@sb-a.nl\";s:8:\"user_acl\";s:1:\"2\";s:10:\"user_fname\";s:6:\"Sander\";s:10:\"user_lname\";s:7:\"Brouwer\";}}'),
	('7e8f57a4bdee2cf4f232770d7c8dd286','83.160.149.24','Mozilla/5.0 (Macintosh; Intel Mac OS X 10_9_4) AppleWebKit/537.36 (KHTML, like Gecko) Chrome/35.0.1916.153 Safari/537.36',1406670588,'a:2:{s:9:\"user_data\";s:0:\"\";s:4:\"user\";a:6:{s:7:\"user_id\";s:1:\"1\";s:11:\"user_active\";s:1:\"1\";s:10:\"user_email\";s:14:\"sander@sb-a.nl\";s:8:\"user_acl\";s:1:\"2\";s:10:\"user_fname\";s:6:\"Sander\";s:10:\"user_lname\";s:7:\"Brouwer\";}}'),
	('555f714f1e6126fd1dab949334ebb2ac','82.161.69.199','Mozilla/5.0 (Macintosh; Intel Mac OS X 10_9_4) AppleWebKit/537.36 (KHTML, like Gecko) Chrome/36.0.1985.125 Safari/537.36',1406616167,''),
	('e379ad3cd0bd5c159ce1182753b51732','82.161.69.199','Mozilla/5.0 (Macintosh; Intel Mac OS X 10_9_4) AppleWebKit/537.36 (KHTML, like Gecko) Chrome/36.0.1985.125 Safari/537.36',1406623525,'a:2:{s:9:\"user_data\";s:0:\"\";s:4:\"user\";a:6:{s:7:\"user_id\";s:1:\"1\";s:11:\"user_active\";s:1:\"1\";s:10:\"user_email\";s:14:\"sander@sb-a.nl\";s:8:\"user_acl\";s:1:\"2\";s:10:\"user_fname\";s:6:\"Sander\";s:10:\"user_lname\";s:7:\"Brouwer\";}}'),
	('a856851de92deaba5aa696b50310ad93','82.161.69.199','Mozilla/5.0 (Macintosh; Intel Mac OS X 10_9_4) AppleWebKit/537.36 (KHTML, like Gecko) Chrome/36.0.1985.125 Safari/537.36',1406623525,''),
	('c0566a53da44cbf2daadd20f20bcbad5','82.161.69.199','Mozilla/5.0 (Macintosh; Intel Mac OS X 10_9_4) AppleWebKit/537.36 (KHTML, like Gecko) Chrome/36.0.1985.125 Safari/537.36',1406623525,''),
	('ae65cf7a21982d905d26ba3c605ba1c5','82.161.69.199','Mozilla/5.0 (Macintosh; Intel Mac OS X 10_9_4) AppleWebKit/537.36 (KHTML, like Gecko) Chrome/36.0.1985.125 Safari/537.36',1406623525,''),
	('4ca361900b2522d4fab3cfa88ab2e74a','82.161.69.199','Mozilla/5.0 (Macintosh; Intel Mac OS X 10_9_4) AppleWebKit/537.36 (KHTML, like Gecko) Chrome/36.0.1985.125 Safari/537.36',1406623525,''),
	('0230b2fe20d59045941d2a967f7302cc','82.161.69.199','Mozilla/5.0 (Macintosh; Intel Mac OS X 10_9_4) AppleWebKit/537.36 (KHTML, like Gecko) Chrome/36.0.1985.125 Safari/537.36',1406623525,''),
	('569486a3bebcedb87a00f1b4613b2709','82.161.69.199','Mozilla/5.0 (Macintosh; Intel Mac OS X 10_9_4) AppleWebKit/537.36 (KHTML, like Gecko) Chrome/36.0.1985.125 Safari/537.36',1406636024,'a:2:{s:9:\"user_data\";s:0:\"\";s:4:\"user\";a:6:{s:7:\"user_id\";s:1:\"1\";s:11:\"user_active\";s:1:\"1\";s:10:\"user_email\";s:14:\"sander@sb-a.nl\";s:8:\"user_acl\";s:1:\"2\";s:10:\"user_fname\";s:6:\"Sander\";s:10:\"user_lname\";s:7:\"Brouwer\";}}'),
	('7ef408670475ca84f8f4ff39df2e2514','82.161.69.199','Mozilla/5.0 (Macintosh; Intel Mac OS X 10_9_4) AppleWebKit/537.77.4 (KHTML, like Gecko) Version/7.0.5 Safari/537.77.4',1406625710,''),
	('4a06a0e9b05da17b0ed9959c46d628ce','82.161.69.199','Mozilla/5.0 (Macintosh; Intel Mac OS X 10_9_4) AppleWebKit/537.77.4 (KHTML, like Gecko) Version/7.0.5 Safari/537.77.4',1406625710,'a:2:{s:9:\"user_data\";s:0:\"\";s:4:\"user\";a:6:{s:7:\"user_id\";s:1:\"1\";s:11:\"user_active\";s:1:\"1\";s:10:\"user_email\";s:14:\"sander@sb-a.nl\";s:8:\"user_acl\";s:1:\"2\";s:10:\"user_fname\";s:6:\"Sander\";s:10:\"user_lname\";s:7:\"Brouwer\";}}'),
	('4a1398980d4d0776434ae7a75018cae9','82.161.69.199','Mozilla/5.0 (Windows NT 6.1; WOW64) AppleWebKit/537.36 (KHTML, like Gecko) Chrome/36.0.1985.125 Safari/537.36',1406626174,''),
	('01b0f78a1e7f633550c0cf9da13b89a0','82.161.69.199','Mozilla/5.0 (Windows NT 6.1; WOW64) AppleWebKit/537.36 (KHTML, like Gecko) Chrome/36.0.1985.125 Safari/537.36',1406649733,''),
	('55c707b76642efbec323ea9ba5d798e4','82.161.69.199','Mozilla/5.0 (Macintosh; Intel Mac OS X 10_9_4) AppleWebKit/537.36 (KHTML, like Gecko) Chrome/36.0.1985.125 Safari/537.36',1406643413,'a:2:{s:9:\"user_data\";s:0:\"\";s:4:\"user\";a:6:{s:7:\"user_id\";s:1:\"1\";s:11:\"user_active\";s:1:\"1\";s:10:\"user_email\";s:14:\"sander@sb-a.nl\";s:8:\"user_acl\";s:1:\"2\";s:10:\"user_fname\";s:6:\"Sander\";s:10:\"user_lname\";s:7:\"Brouwer\";}}'),
	('7ab9612575f8a2e45c6fe37532282a82','193.174.89.19','Mozilla/5.0 (compatible; Muenster University of Applied Sciences; +http://fb02itsscan.fh-muenster.de)',1406641328,''),
	('8481569ef7aaf2d47a3e3704ea2e2885','193.174.89.19','Mozilla/5.0 (compatible; Muenster University of Applied Sciences; +http://fb02itsscan.fh-muenster.de)',1406641328,''),
	('2b39b73d29932218e0fd1af4fefa60a5','82.161.69.199','Mozilla/5.0 (Macintosh; Intel Mac OS X 10_9_4) AppleWebKit/537.36 (KHTML, like Gecko) Chrome/36.0.1985.125 Safari/537.36',1406643413,'a:2:{s:9:\"user_data\";s:0:\"\";s:4:\"user\";a:6:{s:7:\"user_id\";s:1:\"1\";s:11:\"user_active\";s:1:\"1\";s:10:\"user_email\";s:14:\"sander@sb-a.nl\";s:8:\"user_acl\";s:1:\"2\";s:10:\"user_fname\";s:6:\"Sander\";s:10:\"user_lname\";s:7:\"Brouwer\";}}'),
	('2b7c7e9f55415bffc79a797e32430ad8','82.161.69.199','Mozilla/5.0 (Windows NT 6.1; WOW64) AppleWebKit/537.36 (KHTML, like Gecko) Chrome/36.0.1985.125 Safari/537.36',1406712526,''),
	('2e144f0fb5bbf1803864f5ba8b9166e7','83.160.149.24','Mozilla/5.0 (iPhone; CPU iPhone OS 7_1_2 like Mac OS X) AppleWebKit/537.51.2 (KHTML, like Gecko) Version/7.0 Mobile/11D2',1406653562,''),
	('b13d5f1acd23b26695c6c905df3d07ff','83.160.149.24','Mozilla/5.0 (iPhone; CPU iPhone OS 7_1_2 like Mac OS X) AppleWebKit/537.51.2 (KHTML, like Gecko) Version/7.0 Mobile/11D2',1406653562,''),
	('4a681d292d53533ac3ded0c2808920b0','92.69.254.206','Mozilla/5.0 (iPhone; CPU iPhone OS 7_1_2 like Mac OS X) AppleWebKit/537.51.2 (KHTML, like Gecko) CriOS/36.0.1985.49 Mobi',1406654902,''),
	('3d88968f54686b2ac7152f0351e65198','92.69.254.206','Mozilla/5.0 (iPhone; CPU iPhone OS 7_1_2 like Mac OS X) AppleWebKit/537.51.2 (KHTML, like Gecko) CriOS/36.0.1985.49 Mobi',1406654902,''),
	('26592353af7965bb6c8f086e1707990b','92.69.254.206','Mozilla/5.0 (iPhone; CPU iPhone OS 7_1_2 like Mac OS X) AppleWebKit/537.51.2 (KHTML, like Gecko) CriOS/36.0.1985.49 Mobi',1406654904,''),
	('f54e03654dcaf4d26ab42795546b3e9a','92.69.254.206','Mozilla/5.0 (iPhone; CPU iPhone OS 7_1_2 like Mac OS X) AppleWebKit/537.51.2 (KHTML, like Gecko) CriOS/36.0.1985.49 Mobi',1406654904,''),
	('80b881105e15627a5dce33d158a2f861','92.69.254.206','Mozilla/5.0 (iPhone; CPU iPhone OS 7_1_2 like Mac OS X) AppleWebKit/537.51.2 (KHTML, like Gecko) CriOS/36.0.1985.49 Mobi',1406654909,''),
	('9c9eb112b255b775caca236a8015d674','92.69.254.206','Mozilla/5.0 (iPhone; CPU iPhone OS 7_1_2 like Mac OS X) AppleWebKit/537.51.2 (KHTML, like Gecko) CriOS/36.0.1985.49 Mobi',1406654909,''),
	('49f4df28cfaac05a68e9a8a049653611','83.160.149.24','Mozilla/5.0 (Macintosh; Intel Mac OS X 10_9_4) AppleWebKit/537.36 (KHTML, like Gecko) Chrome/36.0.1985.125 Safari/537.36',1406658095,''),
	('bfb35c170870ba76759c4ea920038623','83.160.149.24','Mozilla/5.0 (Macintosh; Intel Mac OS X 10_9_4) AppleWebKit/537.36 (KHTML, like Gecko) Chrome/36.0.1985.125 Safari/537.36',1406667926,'a:2:{s:9:\"user_data\";s:0:\"\";s:4:\"user\";a:6:{s:7:\"user_id\";s:1:\"1\";s:11:\"user_active\";s:1:\"1\";s:10:\"user_email\";s:14:\"sander@sb-a.nl\";s:8:\"user_acl\";s:1:\"2\";s:10:\"user_fname\";s:6:\"Sander\";s:10:\"user_lname\";s:7:\"Brouwer\";}}'),
	('06262e87d46edb58cd2bcc346552503f','91.188.124.225','0',1406658498,''),
	('65e6fb1741ed45d6690e9bd847172fb5','91.188.124.225','0',1406658498,''),
	('244441499271695f210d88e93cb98509','91.188.124.225','0',1406658534,''),
	('4af8c8b00f731f7a43ed3aefb14059cd','91.188.124.225','0',1406658534,''),
	('289a54da5e777383724edb1e11c2004c','83.160.149.24','Mozilla/5.0 (Macintosh; Intel Mac OS X 10_9_4) AppleWebKit/537.36 (KHTML, like Gecko) Chrome/36.0.1985.125 Safari/537.36',1406667927,'a:2:{s:9:\"user_data\";s:0:\"\";s:4:\"user\";a:6:{s:7:\"user_id\";s:1:\"1\";s:11:\"user_active\";s:1:\"1\";s:10:\"user_email\";s:14:\"sander@sb-a.nl\";s:8:\"user_acl\";s:1:\"2\";s:10:\"user_fname\";s:6:\"Sander\";s:10:\"user_lname\";s:7:\"Brouwer\";}}'),
	('5de910390509afbb5873aae738d69a44','83.160.149.24','Mozilla/5.0 (Macintosh; Intel Mac OS X 10_9_4) AppleWebKit/537.36 (KHTML, like Gecko) Chrome/35.0.1916.153 Safari/537.36',1406872681,''),
	('f7794a5c6afbc1dc2661f62aae6d00a3','61.147.103.137','Mozilla/3.0 (compatible; Indy Library)',1406671084,''),
	('f9d971c06620eda4e2beb859ab5b5fa4','61.147.103.137','Mozilla/3.0 (compatible; Indy Library)',1406671084,''),
	('f4d85000562e8486adf6bd79bef7deca','162.253.66.77','0',1406692819,''),
	('fe5ac58ec8e1976157e227dfed44d4f9','162.253.66.77','0',1406692819,''),
	('3d340f9933e4b276c3d57fa81e570313','82.161.69.199','Mozilla/5.0 (Macintosh; Intel Mac OS X 10_9_4) AppleWebKit/537.36 (KHTML, like Gecko) Chrome/36.0.1985.125 Safari/537.36',1406709673,'a:2:{s:9:\"user_data\";s:0:\"\";s:4:\"user\";a:6:{s:7:\"user_id\";s:1:\"1\";s:11:\"user_active\";s:1:\"1\";s:10:\"user_email\";s:14:\"sander@sb-a.nl\";s:8:\"user_acl\";s:1:\"2\";s:10:\"user_fname\";s:6:\"Sander\";s:10:\"user_lname\";s:7:\"Brouwer\";}}'),
	('36c51af91f2da70e03d03aa8d9f174ca','82.161.69.199','Mozilla/5.0 (Macintosh; Intel Mac OS X 10_9_4) AppleWebKit/537.36 (KHTML, like Gecko) Chrome/36.0.1985.125 Safari/537.36',1406716874,'a:2:{s:9:\"user_data\";s:0:\"\";s:4:\"user\";a:6:{s:7:\"user_id\";s:1:\"1\";s:11:\"user_active\";s:1:\"1\";s:10:\"user_email\";s:14:\"sander@sb-a.nl\";s:8:\"user_acl\";s:1:\"2\";s:10:\"user_fname\";s:6:\"Sander\";s:10:\"user_lname\";s:7:\"Brouwer\";}}'),
	('c8b44bae414aabd53951aa8dad125295','82.161.69.199','Mozilla/5.0 (Windows NT 6.1; WOW64) AppleWebKit/537.36 (KHTML, like Gecko) Chrome/36.0.1985.125 Safari/537.36',1406712526,'a:2:{s:9:\"user_data\";s:0:\"\";s:4:\"user\";a:6:{s:7:\"user_id\";s:1:\"1\";s:11:\"user_active\";s:1:\"1\";s:10:\"user_email\";s:14:\"sander@sb-a.nl\";s:8:\"user_acl\";s:1:\"2\";s:10:\"user_fname\";s:6:\"Sander\";s:10:\"user_lname\";s:7:\"Brouwer\";}}'),
	('8987a9313207dbd00bae9cc53f65317e','82.161.69.199','Mozilla/5.0 (Macintosh; Intel Mac OS X 10_9_4) AppleWebKit/537.36 (KHTML, like Gecko) Chrome/36.0.1985.125 Safari/537.36',1406716874,''),
	('c58e788890b0473c4e2dd7872660e509','82.161.69.199','Mozilla/5.0 (Macintosh; Intel Mac OS X 10_9_4) AppleWebKit/537.36 (KHTML, like Gecko) Chrome/36.0.1985.125 Safari/537.36',1406727570,''),
	('d774e85da12b15be185448de3057b14b','118.192.48.27','0',1406721190,''),
	('4ae5437829e9344c71bf77bfa505f8cb','118.192.48.27','0',1406721190,''),
	('5d54eca6314d60c88021e1de37c23183','82.161.69.199','Mozilla/5.0 (Windows NT 6.1; WOW64) AppleWebKit/537.36 (KHTML, like Gecko) Chrome/36.0.1985.125 Safari/537.36',1406722716,''),
	('8c14ffdec180d24f90eb6a36c51c0acd','82.161.69.199','Mozilla/5.0 (Windows NT 6.1; WOW64) AppleWebKit/537.36 (KHTML, like Gecko) Chrome/36.0.1985.125 Safari/537.36',1406722716,'a:2:{s:9:\"user_data\";s:0:\"\";s:4:\"user\";a:6:{s:7:\"user_id\";s:1:\"1\";s:11:\"user_active\";s:1:\"1\";s:10:\"user_email\";s:14:\"sander@sb-a.nl\";s:8:\"user_acl\";s:1:\"2\";s:10:\"user_fname\";s:6:\"Sander\";s:10:\"user_lname\";s:7:\"Brouwer\";}}'),
	('0f3bbf5a62140c9cc7d037f68bebbb0c','82.161.69.199','Mozilla/5.0 (compatible; MSIE 9.0; Windows NT 6.1; WOW64; Trident/5.0)',1406724836,''),
	('bcb67897147ab305da4d9901257a801e','82.161.69.199','Mozilla/5.0 (compatible; MSIE 9.0; Windows NT 6.1; WOW64; Trident/5.0)',1406724836,'a:1:{s:9:\"user_data\";s:0:\"\";}'),
	('6228d6c77bd0739d401d391406c528e6','82.161.69.199','Mozilla/5.0 (Macintosh; Intel Mac OS X 10_9_4) AppleWebKit/537.36 (KHTML, like Gecko) Chrome/36.0.1985.125 Safari/537.36',1406734840,'a:2:{s:9:\"user_data\";s:0:\"\";s:4:\"user\";a:6:{s:7:\"user_id\";s:1:\"1\";s:11:\"user_active\";s:1:\"1\";s:10:\"user_email\";s:14:\"sander@sb-a.nl\";s:8:\"user_acl\";s:1:\"2\";s:10:\"user_fname\";s:6:\"Sander\";s:10:\"user_lname\";s:7:\"Brouwer\";}}'),
	('6863f05479e2c4c92a387e8d1c034136','82.161.69.199','Mozilla/5.0 (Macintosh; Intel Mac OS X 10_9_4) AppleWebKit/537.36 (KHTML, like Gecko) Chrome/36.0.1985.125 Safari/537.36',1406734840,'a:2:{s:9:\"user_data\";s:0:\"\";s:4:\"user\";a:6:{s:7:\"user_id\";s:1:\"1\";s:11:\"user_active\";s:1:\"1\";s:10:\"user_email\";s:14:\"sander@sb-a.nl\";s:8:\"user_acl\";s:1:\"2\";s:10:\"user_fname\";s:6:\"Sander\";s:10:\"user_lname\";s:7:\"Brouwer\";}}'),
	('98b17785eaf186f1fdcb5f3badd32b3b','37.187.87.152','0',1406737913,''),
	('da55a786d72b98062f869056dc00f8e3','37.187.87.152','0',1406737913,''),
	('18f3efec6adb49299599c16c3d15c0e5','37.187.87.152','0',1406737913,''),
	('69887662ad6df79bb00dfd721b33e49d','37.187.87.152','0',1406737913,''),
	('f38826f486a56e38ecd9089f895da0da','83.160.149.24','Mozilla/5.0 (Macintosh; Intel Mac OS X 10_9_4) AppleWebKit/537.36 (KHTML, like Gecko) Chrome/36.0.1985.125 Safari/537.36',1406744625,''),
	('d29164bd7f647e8221e3b30d62207282','83.160.149.24','Mozilla/5.0 (Macintosh; Intel Mac OS X 10_9_4) AppleWebKit/537.36 (KHTML, like Gecko) Chrome/36.0.1985.125 Safari/537.36',1406752061,'a:2:{s:9:\"user_data\";s:0:\"\";s:4:\"user\";a:6:{s:7:\"user_id\";s:1:\"1\";s:11:\"user_active\";s:1:\"1\";s:10:\"user_email\";s:14:\"sander@sb-a.nl\";s:8:\"user_acl\";s:1:\"2\";s:10:\"user_fname\";s:6:\"Sander\";s:10:\"user_lname\";s:7:\"Brouwer\";}}'),
	('53d955060ab5d3b91795e7a04787c22b','83.160.149.24','Mozilla/5.0 (Macintosh; Intel Mac OS X 10_9_4) AppleWebKit/537.36 (KHTML, like Gecko) Chrome/36.0.1985.125 Safari/537.36',1406752061,'a:2:{s:9:\"user_data\";s:0:\"\";s:4:\"user\";a:6:{s:7:\"user_id\";s:1:\"1\";s:11:\"user_active\";s:1:\"1\";s:10:\"user_email\";s:14:\"sander@sb-a.nl\";s:8:\"user_acl\";s:1:\"2\";s:10:\"user_fname\";s:6:\"Sander\";s:10:\"user_lname\";s:7:\"Brouwer\";}}'),
	('9ac1b328cb5db1075a3b7e5e50d26ff4','122.226.223.69','Mozilla/4.0 (compatible; MSIE 7.0; Windows NT 6.1; WOW64; Trident/6.0; SLCC2; .NET CLR 2.0.50727; .NET CLR 3.5.30729; .N',1406761471,''),
	('1dbea37fa6cf55f3e8f5397f4b879fbf','122.226.223.69','Mozilla/4.0 (compatible; MSIE 7.0; Windows NT 6.1; WOW64; Trident/6.0; SLCC2; .NET CLR 2.0.50727; .NET CLR 3.5.30729; .N',1406761471,''),
	('4f677452c9f10e622d2b517e130223e5','131.155.197.14','Mozilla/5.0 (Macintosh; Intel Mac OS X 10_9_4) AppleWebKit/537.36 (KHTML, like Gecko) Chrome/36.0.1985.125 Safari/537.36',1406786438,''),
	('b37c5c98544f8e192ebc04271ba5639c','131.155.197.14','Mozilla/5.0 (Macintosh; Intel Mac OS X 10_9_4) AppleWebKit/537.36 (KHTML, like Gecko) Chrome/36.0.1985.125 Safari/537.36',1406786438,'a:2:{s:9:\"user_data\";s:0:\"\";s:4:\"user\";a:6:{s:7:\"user_id\";s:1:\"1\";s:11:\"user_active\";s:1:\"1\";s:10:\"user_email\";s:14:\"sander@sb-a.nl\";s:8:\"user_acl\";s:1:\"2\";s:10:\"user_fname\";s:6:\"Sander\";s:10:\"user_lname\";s:7:\"Brouwer\";}}'),
	('34767e87684f87a2970c999103e9c58c','131.155.197.14','Mozilla/5.0 (Macintosh; Intel Mac OS X 10_9_4) AppleWebKit/537.77.4 (KHTML, like Gecko) Version/7.0.5 Safari/537.77.4',1406790188,''),
	('51312f34802d6a73bceff1f292361674','131.155.197.14','Mozilla/5.0 (Macintosh; Intel Mac OS X 10_9_4) AppleWebKit/537.77.4 (KHTML, like Gecko) Version/7.0.5 Safari/537.77.4',1406805059,''),
	('5e9d5bd8299cc9ace1652024c65cb01d','131.155.223.217','Mozilla/5.0 (Macintosh; Intel Mac OS X 10_9_4) AppleWebKit/537.36 (KHTML, like Gecko) Chrome/36.0.1985.125 Safari/537.36',1406793998,''),
	('76dc5b7c0d28159f83740c22344a0947','131.155.223.217','Mozilla/5.0 (Macintosh; Intel Mac OS X 10_9_4) AppleWebKit/537.36 (KHTML, like Gecko) Chrome/36.0.1985.125 Safari/537.36',1406801282,'a:2:{s:9:\"user_data\";s:0:\"\";s:4:\"user\";a:6:{s:7:\"user_id\";s:1:\"1\";s:11:\"user_active\";s:1:\"1\";s:10:\"user_email\";s:14:\"sander@sb-a.nl\";s:8:\"user_acl\";s:1:\"2\";s:10:\"user_fname\";s:6:\"Sander\";s:10:\"user_lname\";s:7:\"Brouwer\";}}'),
	('94172656029c14d3ea4e9573c9227c47','111.207.253.234','0',1406801076,''),
	('4e650e282d3ae5efbe1b55f29bbb91ac','111.207.253.234','0',1406801076,''),
	('84d40e36f3de1a320cb5c02a59f9dd8d','131.155.223.217','Mozilla/5.0 (Macintosh; Intel Mac OS X 10_9_4) AppleWebKit/537.36 (KHTML, like Gecko) Chrome/36.0.1985.125 Safari/537.36',1406801282,'a:2:{s:9:\"user_data\";s:0:\"\";s:4:\"user\";a:6:{s:7:\"user_id\";s:1:\"1\";s:11:\"user_active\";s:1:\"1\";s:10:\"user_email\";s:14:\"sander@sb-a.nl\";s:8:\"user_acl\";s:1:\"2\";s:10:\"user_fname\";s:6:\"Sander\";s:10:\"user_lname\";s:7:\"Brouwer\";}}'),
	('904fd623a8da21db99afa4dc74381d3a','131.155.197.14','Mozilla/5.0 (Macintosh; Intel Mac OS X 10_9_4) AppleWebKit/537.36 (KHTML, like Gecko) Chrome/36.0.1985.125 Safari/537.36',1406804125,''),
	('3cd259c37dbc10ec15cfcebefc9d7485','131.155.197.14','Mozilla/5.0 (Macintosh; Intel Mac OS X 10_9_4) AppleWebKit/537.36 (KHTML, like Gecko) Chrome/36.0.1985.125 Safari/537.36',1406804125,''),
	('33bc7bd2261b54751827827aeeae5077','131.155.197.14','Mozilla/5.0 (Macintosh; Intel Mac OS X 10_9_4) AppleWebKit/537.36 (KHTML, like Gecko) Chrome/36.0.1985.125 Safari/537.36',1406804125,''),
	('3c40bffd3a0ab8ad9c0b004e031e2813','131.155.197.14','Mozilla/5.0 (Macintosh; Intel Mac OS X 10_9_4) AppleWebKit/537.36 (KHTML, like Gecko) Chrome/36.0.1985.125 Safari/537.36',1406804125,''),
	('9b3d3d5280211c97db8cba897958a5ef','131.155.197.14','Mozilla/5.0 (Macintosh; Intel Mac OS X 10_9_4) AppleWebKit/537.36 (KHTML, like Gecko) Chrome/36.0.1985.125 Safari/537.36',1406804125,'a:2:{s:9:\"user_data\";s:0:\"\";s:4:\"user\";a:6:{s:7:\"user_id\";s:1:\"1\";s:11:\"user_active\";s:1:\"1\";s:10:\"user_email\";s:14:\"sander@sb-a.nl\";s:8:\"user_acl\";s:1:\"2\";s:10:\"user_fname\";s:6:\"Sander\";s:10:\"user_lname\";s:7:\"Brouwer\";}}'),
	('b400c886b51a16bc5c9cfed3fcb45230','131.155.197.14','Mozilla/5.0 (Macintosh; Intel Mac OS X 10_9_4) AppleWebKit/537.77.4 (KHTML, like Gecko) Version/7.0.5 Safari/537.77.4',1406805059,''),
	('678af6949e0979d4a1de47affa287202','131.155.197.14','Mozilla/5.0 (Macintosh; Intel Mac OS X 10_9_4) AppleWebKit/537.77.4 (KHTML, like Gecko) Version/7.0.5 Safari/537.77.4',1406805059,''),
	('fc65880f7a6f92161c4811658ab2b182','131.155.197.14','Mozilla/5.0 (Macintosh; Intel Mac OS X 10_9_4) AppleWebKit/537.77.4 (KHTML, like Gecko) Version/7.0.5 Safari/537.77.4',1406805059,''),
	('e0e913a4398b7d0f87778e6cbfa082fa','131.155.223.217','Mozilla/5.0 (Macintosh; Intel Mac OS X 10_9_4) AppleWebKit/537.36 (KHTML, like Gecko) Chrome/36.0.1985.125 Safari/537.36',1406811229,''),
	('db75c183b26dd5f47f4dae25864165c2','131.155.223.217','Mozilla/5.0 (Macintosh; Intel Mac OS X 10_9_4) AppleWebKit/537.36 (KHTML, like Gecko) Chrome/36.0.1985.125 Safari/537.36',1406811229,'a:2:{s:9:\"user_data\";s:0:\"\";s:4:\"user\";a:6:{s:7:\"user_id\";s:1:\"1\";s:11:\"user_active\";s:1:\"1\";s:10:\"user_email\";s:14:\"sander@sb-a.nl\";s:8:\"user_acl\";s:1:\"2\";s:10:\"user_fname\";s:6:\"Sander\";s:10:\"user_lname\";s:7:\"Brouwer\";}}'),
	('29e464c2a98eb5f3340dc11b6312cf23','80.57.191.103','Mozilla/5.0 (Windows NT 6.1; WOW64) AppleWebKit/537.36 (KHTML, like Gecko) Chrome/36.0.1985.125 Safari/537.36',1406836982,''),
	('bfdfd750757fa8fc193d42f3b8241f5e','80.57.191.103','Mozilla/5.0 (Windows NT 6.1; WOW64) AppleWebKit/537.36 (KHTML, like Gecko) Chrome/36.0.1985.125 Safari/537.36',1406836982,'a:1:{s:9:\"user_data\";s:0:\"\";}'),
	('215c6e7bc7971c7707cb1f5284397f8e','213.227.57.58','Made by ZmEu @ WhiteHat Team - www.whitehat.ro',1406857132,''),
	('a100d2eb87cc1d6d4eda5d713d0392fa','213.227.57.58','Made by ZmEu @ WhiteHat Team - www.whitehat.ro',1406857132,''),
	('192045b419b2a146ec82065024742c85','213.227.57.58','Made by ZmEu @ WhiteHat Team - www.whitehat.ro',1406857134,''),
	('12bef56d74ef99d560607947d94079b1','213.227.57.58','Made by ZmEu @ WhiteHat Team - www.whitehat.ro',1406857134,''),
	('4ecf7ece2868443ed6fda0d337e56c3e','213.227.57.58','Made by ZmEu @ WhiteHat Team - www.whitehat.ro',1406857161,''),
	('e88ae010b8e57b412828a3c748f2d879','213.227.57.58','Made by ZmEu @ WhiteHat Team - www.whitehat.ro',1406857161,''),
	('c2db68db339e37a81bac55a6d98c5d51','110.249.208.73','0',1406857218,''),
	('56cc9c77a5db2794518e5d4a542a66c1','110.249.208.73','0',1406857218,''),
	('9a2cf996f5e228e84feb70973ac25555','209.141.44.58','0',1406862953,''),
	('e667df549c275d2db9667f616db53a3e','209.141.44.58','0',1406862953,''),
	('9d1405f14077c32463fc8844d4859cdc','209.141.44.58','0',1406862953,''),
	('152e7d2a69e47d434235fff6ed075e71','209.141.44.58','0',1406862953,''),
	('0368626daea66cd3de4b51593d7ab1d5','209.141.44.58','0',1406862956,''),
	('be452207aec027941f9fb49f1811314e','209.141.44.58','0',1406862956,''),
	('06e2b3137805e2c5efc3f600938757c3','209.141.44.58','0',1406862960,''),
	('1089c96d0adb669dfd769eb41d1521c6','209.141.44.58','0',1406862960,''),
	('173deb6162eb9f76842652a3ab296917','2.229.27.202','Mozilla/5.0 (Windows NT 5.1; rv:5.0) Gecko/20100101 Firefox/5.0',1406865969,''),
	('eed7edb118c9a0fd7fccf06088222945','2.229.27.202','Mozilla/5.0 (Windows NT 5.1; rv:5.0) Gecko/20100101 Firefox/5.0',1406865969,''),
	('c334e9199d1b8caebcbf98bbc1dcc9d6','83.160.149.24','Mozilla/5.0 (Macintosh; Intel Mac OS X 10_9_4) AppleWebKit/537.36 (KHTML, like Gecko) Chrome/36.0.1985.125 Safari/537.36',1406880662,'a:2:{s:9:\"user_data\";s:0:\"\";s:4:\"user\";a:6:{s:7:\"user_id\";s:1:\"1\";s:11:\"user_active\";s:1:\"1\";s:10:\"user_email\";s:14:\"sander@sb-a.nl\";s:8:\"user_acl\";s:1:\"2\";s:10:\"user_fname\";s:6:\"Sander\";s:10:\"user_lname\";s:7:\"Brouwer\";}}'),
	('a6226149f5bddaf945a6e33aab02bb35','83.160.149.24','Mozilla/5.0 (Macintosh; Intel Mac OS X 10_9_4) AppleWebKit/537.36 (KHTML, like Gecko) Chrome/36.0.1985.125 Safari/537.36',1408204176,''),
	('1ba221124a3e67322628a928c17a9e81','83.160.149.24','Mozilla/5.0 (Macintosh; Intel Mac OS X 10_9_4) AppleWebKit/537.77.4 (KHTML, like Gecko) Version/7.0.5 Safari/537.77.4',1406888173,''),
	('1e9129c86b0da66ad68779da257a3b73','42.156.250.111','Mozilla/4.0 (compatible; MSIE 4.01; Windows 98)',1406920925,''),
	('76b079c4ed2457afced861e771892504','42.156.250.119','Mozilla/4.0 (compatible; MSIE 4.01; Windows 98)',1406920925,''),
	('91832971c531b45fb883983d9ca3665a','42.120.142.223','Mozilla/4.0 (compatible; MSIE 4.01; Windows 98)',1406920925,''),
	('b5c7dc968aef69e34ec5c338b10a6e6e','42.156.250.114','Mozilla/4.0 (compatible; MSIE 4.01; Windows 98)',1406920925,''),
	('41134a79693e652e1b77ddf0b7df24ae','42.156.250.111','Mozilla/4.0 (compatible; MSIE 4.01; Windows 98)',1406920925,''),
	('a52eb915297171c25bd57ccb7060deba','42.156.250.119','Mozilla/4.0 (compatible; MSIE 4.01; Windows 98)',1406920925,''),
	('6864347c401d5c4bb3b7c008a6de8922','42.120.142.223','Mozilla/4.0 (compatible; MSIE 4.01; Windows 98)',1406920925,''),
	('5458756a6679696ef94a98de920e04e2','42.156.250.114','Mozilla/4.0 (compatible; MSIE 4.01; Windows 98)',1406920925,''),
	('61886b2c9d1fff7e20096b369e11dda0','42.156.250.112','Mozilla/4.0 (compatible; MSIE 4.01; Windows 98)',1406920926,''),
	('483df9c5651393edbc50131dc9b7ad9a','42.156.250.112','Mozilla/4.0 (compatible; MSIE 4.01; Windows 98)',1406920926,''),
	('82b67d39fc842d4cc37e7d4a6674e227','42.156.250.113','Mozilla/4.0 (compatible; MSIE 4.01; Windows 98)',1406920926,''),
	('2505225087d0aaa284f4785763479a9d','42.156.250.113','Mozilla/4.0 (compatible; MSIE 4.01; Windows 98)',1406920926,''),
	('b4071cf2946b51165de00db579cea96b','42.156.250.115','Mozilla/4.0 (compatible; MSIE 4.01; Windows 98)',1406920926,''),
	('8107c2a62bf2a9d6ec205eb8c0dd2778','42.156.250.115','Mozilla/4.0 (compatible; MSIE 4.01; Windows 98)',1406920926,''),
	('230d235fb472cbe80bb57567588de4f6','42.120.142.221','Mozilla/4.0 (compatible; MSIE 4.01; Windows 98)',1406920927,''),
	('678082200a48b4a8120cc353180e9ace','42.156.250.117','Mozilla/4.0 (compatible; MSIE 4.01; Windows 98)',1406920927,''),
	('9b74d69fced6a1fe74d6162e503a9126','42.120.142.221','Mozilla/4.0 (compatible; MSIE 4.01; Windows 98)',1406920927,''),
	('481226b6764ebeb68fc8dbcbb8e0ad81','42.156.250.117','Mozilla/4.0 (compatible; MSIE 4.01; Windows 98)',1406920927,''),
	('b336cae367c6952608a313a6418a04b7','42.156.250.118','Mozilla/4.0 (compatible; MSIE 4.01; Windows 98)',1406920928,''),
	('8d461b5821ad6bc129c4ebf29e0f97c6','42.156.250.118','Mozilla/4.0 (compatible; MSIE 4.01; Windows 98)',1406920928,''),
	('89e02365f72685c07d4ce55d498cbb65','42.156.250.110','Mozilla/4.0 (compatible; MSIE 4.01; Windows 98)',1406920929,''),
	('a5414670917cfbfefefffdbaf142f12b','42.156.250.110','Mozilla/4.0 (compatible; MSIE 4.01; Windows 98)',1406920929,''),
	('96f2e8926a4689b928926e06d194fb33','42.120.142.222','Mozilla/4.0 (compatible; MSIE 4.01; Windows 98)',1406920929,''),
	('054d9d674dab66dcfc096abce5827716','42.120.142.222','Mozilla/4.0 (compatible; MSIE 4.01; Windows 98)',1406920929,''),
	('4b2a48f69b3fcd421e18314b9228b9ec','42.120.142.220','Mozilla/4.0 (compatible; MSIE 4.01; Windows 98)',1406920930,''),
	('50af0c50e8171c2ba07d6faf5ef25556','42.120.142.220','Mozilla/4.0 (compatible; MSIE 4.01; Windows 98)',1406920930,''),
	('80ff945ead22d628d6df3a1cb8b13368','85.17.141.182','Mozilla/4.0 (compatible; MSIE 6.0; Windows NT 5.1; SV1)',1406931285,''),
	('e1fdb0bb420c8354ec6b6a1b5e7ddfe9','85.17.141.182','Mozilla/4.0 (compatible; MSIE 6.0; Windows NT 5.1; SV1)',1406931285,''),
	('25cf6e22a9e509507151a190d07da0ef','81.17.16.170','Mozilla/5.0 (Windows NT 6.1; WOW64; rv:8.0) Gecko/20100101 Firefox/8.0',1406978684,''),
	('244dda67f3ad62b754cbe3be7a44a0c9','81.17.16.170','Mozilla/5.0 (Windows NT 6.1; WOW64; rv:8.0) Gecko/20100101 Firefox/8.0',1406978684,''),
	('7c1f175ace365e603744b9850b0c0370','93.174.95.55','0',1406981525,''),
	('bf409fd03532f2bfd6b16a7bc932c5c8','93.174.95.55','0',1406981525,''),
	('277d7df228a558369c11c443bdb3f15e','86.34.134.179','0',1407006198,''),
	('7ff47ef0a38aebe494adf6c89b10063d','86.34.134.179','0',1407006198,''),
	('11279c4280d8cb36bf5bbd4ecf372ed1','95.111.68.120','ZmEu',1407011738,''),
	('083452944f26b1d7ffb01a6dcbc6219e','95.111.68.120','ZmEu',1407011738,''),
	('c55fcb47644a8ec27c2894a36153409f','95.111.68.120','ZmEu',1407011739,''),
	('22e4932699144d66edd4055481d2f78f','95.111.68.120','ZmEu',1407011739,''),
	('654a50e1c32fd0f84e25d9d34f54e451','95.111.68.120','ZmEu',1407011739,''),
	('62d0189ad5ec2d28166a374d79497a5f','95.111.68.120','ZmEu',1407011739,''),
	('45ee55f258850c9d9f415ee5a65e8fcd','95.111.68.120','ZmEu',1407011739,''),
	('41cb71629e09eff1c233829549329bfa','95.111.68.120','ZmEu',1407011739,''),
	('22ee6aadfb5331ef3aa7b87feaa0ceca','95.111.68.120','ZmEu',1407011739,''),
	('a3cd635d3bf255dec67d8dd28ccc0571','95.111.68.120','ZmEu',1407011739,''),
	('5cb5af285d1756bbe03642cec089a6fe','93.174.95.55','0',1407013450,''),
	('aab22ff8421e65bf1359cacebfb452e0','93.174.95.55','0',1407013450,''),
	('192627285f13d703dbcef8136430a497','171.25.204.89','0',1407064256,''),
	('4bf5eb4d9edd4d84a7de154ec7b5d2f7','171.25.204.89','0',1407064256,''),
	('489e86da36e4dde2842ed9e862e625b6','81.33.120.149','Mozilla/5.0 (iPhone; CPU iPhone OS 7_1_2 like Mac OS X) AppleWebKit/537.51.2 (KHTML, like Gecko) Version/7.0 Mobile/11D2',1407949325,''),
	('ae33bdcaf4a5e476d701fb98bc0b29ed','81.33.120.149','Mozilla/5.0 (iPhone; CPU iPhone OS 7_1_2 like Mac OS X) AppleWebKit/537.51.2 (KHTML, like Gecko) Version/7.0 Mobile/11D2',1407949326,''),
	('a6714af6a78b3f5ab13f6463f902bccc','81.33.120.149','Mozilla/5.0 (iPhone; CPU iPhone OS 7_1_2 like Mac OS X) AppleWebKit/537.51.2 (KHTML, like Gecko) Version/7.0 Mobile/11D2',1407949328,''),
	('c474a5143a6e53df1c6f5890d51e3248','81.33.120.149','Mozilla/5.0 (iPhone; CPU iPhone OS 7_1_2 like Mac OS X) AppleWebKit/537.51.2 (KHTML, like Gecko) Version/7.0 Mobile/11D2',1407949328,''),
	('2aeea69fbc0d43b637ea5b6c4b77ca8f','2.139.65.148','Mozilla/5.0 (iPhone; CPU iPhone OS 7_1_2 like Mac OS X) AppleWebKit/537.51.2 (KHTML, like Gecko) Version/7.0 Mobile/11D2',1407949329,''),
	('5e5868d64f8163d375e4f5fb17523f6c','2.139.65.148','Mozilla/5.0 (iPhone; CPU iPhone OS 7_1_2 like Mac OS X) AppleWebKit/537.51.2 (KHTML, like Gecko) Version/7.0 Mobile/11D2',1407949330,''),
	('b673e74c476e5c2b48bb8cc33f305acc','91.226.212.41','0',1407957282,''),
	('5ed1e3df4f19c7eec15269e63948d4eb','91.226.212.41','0',1407957283,''),
	('ec2a7b58b0a3eb42fb9604557b5e9cb8','162.242.146.223','0',1407959780,''),
	('f8ca15c2dad38ce4aa624809c6c7d4a5','162.242.146.223','0',1407959780,''),
	('dcd38cee7402a316ab893a6005531223','122.226.223.69','Mozilla/4.0 (compatible; MSIE 7.0; Windows NT 6.1; WOW64; Trident/6.0; SLCC2; .NET CLR 2.0.50727; .NET CLR 3.5.30729; .N',1408048912,''),
	('a2aa30a080236a3be638e66d31596b49','122.226.223.69','Mozilla/4.0 (compatible; MSIE 7.0; Windows NT 6.1; WOW64; Trident/6.0; SLCC2; .NET CLR 2.0.50727; .NET CLR 3.5.30729; .N',1408048912,''),
	('5b1b12b3a0af180f5ec26b42547f8498','60.173.14.68','Mozilla/5.0 (Windows NT 5.1; rv:9.0.1) Gecko/20100101 Firefox/9.0.1',1408083984,''),
	('e8a29ecc5b11d77b5e5f30614fe9c358','60.173.14.68','Mozilla/5.0 (Windows NT 5.1; rv:9.0.1) Gecko/20100101 Firefox/9.0.1',1408083984,''),
	('0b0e0ec07b52e259acdbbd06b01d5a7c','211.115.199.210','HTTP_Request2/0.5.2 (http://pear.php.net/package/http_request2) PHP/5.1.6',1408113849,''),
	('745852e4403d4d9a44e0f0a95ce920c3','211.115.199.210','HTTP_Request2/0.5.2 (http://pear.php.net/package/http_request2) PHP/5.1.6',1408113849,''),
	('4d0043a466236f75b7220d2b8461a827','50.22.53.71','ZmEu',1408115318,''),
	('e79860240fb91c1b8f316d9a50866472','50.22.53.71','ZmEu',1408115318,''),
	('bb87da3c5426f14d7cf9e2da2a6cc0d9','50.22.53.71','ZmEu',1408115318,''),
	('4f008e97af30a33127c773ee736f8052','50.22.53.71','ZmEu',1408115318,''),
	('8fe6e1abe8dd2272c96f3d75ac7fc38f','50.22.53.71','ZmEu',1408115319,''),
	('571d0da94e09e018400f2e3540c2203d','50.22.53.71','ZmEu',1408115319,''),
	('0fb3934e358a0e318fcf9b9bdb0581ca','50.22.53.71','ZmEu',1408115319,''),
	('312efea47b15763d641e9b6fe031c61e','50.22.53.71','ZmEu',1408115319,''),
	('06bfacce0908b6bf03e1a642d0a069c0','50.22.53.71','ZmEu',1408115319,''),
	('356df927fcec1b44a88adeafc4fa052a','50.22.53.71','ZmEu',1408115319,''),
	('ed0e926993f7b41f21f05136eba65020','50.22.53.71','ZmEu',1408115319,''),
	('4ef7717b9e477368429cedcf1674844c','50.22.53.71','ZmEu',1408115320,''),
	('3cbfe6b7c48fdd1549164bca1c7c3e7d','50.22.53.71','ZmEu',1408115320,''),
	('9378afbe320490502e17ff5be2aabd0c','50.22.53.71','ZmEu',1408115320,''),
	('f94790541b68993d2ac044fb526fe1c3','50.22.53.71','ZmEu',1408115320,''),
	('11aceb3c70242afdb15ffde8d60535c9','50.22.53.71','ZmEu',1408115320,''),
	('074b823489bbce11a4ac3c74455edff9','50.22.53.71','ZmEu',1408115320,''),
	('af2d2157c5bb5bcaca296c30c7df084f','50.22.53.71','ZmEu',1408115321,''),
	('a040bbc90928a593fafca246e97e3860','50.22.53.71','ZmEu',1408115321,''),
	('9e4dbaa0006bde264110f7037fb37d9d','50.22.53.71','ZmEu',1408115321,''),
	('400aa31015b7080f8b6602a92a381342','50.22.53.71','ZmEu',1408115321,''),
	('b5991cb7280d4b2417c94ff8f368e5f6','50.22.53.71','ZmEu',1408115321,''),
	('e27427fe17c31cbdf8ec700e36672555','50.22.53.71','ZmEu',1408115321,''),
	('97691b38b2d38f304a226b198e2a4d0f','50.22.53.71','ZmEu',1408115321,''),
	('f14b3aa690d545725bd6576ba6d3eb96','50.22.53.71','ZmEu',1408115321,''),
	('c80325161c7ccb454f2beacb314e3576','50.22.53.71','ZmEu',1408115322,''),
	('e89df8a2075a3c9c571bd0199cb492cf','50.22.53.71','ZmEu',1408115322,''),
	('7654637a4b6a10704a0c6f902aa62cb2','50.22.53.71','ZmEu',1408115322,''),
	('1edacf3ddd61c435783b3330b17666db','50.22.53.71','ZmEu',1408115322,''),
	('11082d86df5d490ba54cfdee17c33920','50.22.53.71','ZmEu',1408115322,''),
	('b1da021410b30ca189823d2e6f59a1cd','50.22.53.71','ZmEu',1408115322,''),
	('bae0a8beca8c817bfb791041a16d9c6d','50.22.53.71','ZmEu',1408115323,''),
	('bc7ab6219c8e1e56f92b699d73a19cd8','50.22.53.71','ZmEu',1408115323,''),
	('b6347a81b6d0bad1664b6f54d402d311','50.22.53.71','ZmEu',1408115323,''),
	('48773e4a7a5936ee34d93db9f0efecec','50.22.53.71','ZmEu',1408115323,''),
	('8eac535f03bce7f4f536f4cd59c4db90','50.22.53.71','ZmEu',1408115323,''),
	('21da1292e99ac1d24ea96bc791ba387c','50.22.53.71','ZmEu',1408115323,''),
	('348c3e300e29498f2c6980f885a5ca1f','50.22.53.71','ZmEu',1408115323,''),
	('569f980f73612bbceb70e2ca04a5fe7f','50.22.53.71','ZmEu',1408115323,''),
	('df36f8752e600c088192aa1a5f8183a4','50.22.53.71','ZmEu',1408115324,''),
	('1c960bb3bb7c04e9c8fac7c7a335e974','50.22.53.71','ZmEu',1408115324,''),
	('ab6919be703149dab16a798cdccdb0be','50.22.53.71','ZmEu',1408115324,''),
	('fab31d63881adf5d2c2b152b4a0c7006','50.22.53.71','ZmEu',1408115324,''),
	('a867d81dd81fb9cfc5b1c6f3e65b8a6a','50.22.53.71','ZmEu',1408115324,''),
	('050bfd2ac74813e88a6f2ddbb225f33c','50.22.53.71','ZmEu',1408115324,''),
	('79c0aec83f5a4bcad080461338ad7f0d','50.22.53.71','ZmEu',1408115325,''),
	('42353ae4da59a209bdcbeaa728a8e516','50.22.53.71','ZmEu',1408115325,''),
	('7b1170024d039c96f5b43eee53737b33','50.22.53.71','ZmEu',1408115325,''),
	('1e769fa76f7d88bf4f483347a48f66ef','50.22.53.71','ZmEu',1408115325,''),
	('bc879c11ff7d10bf0067b6b0e781b06c','50.22.53.71','ZmEu',1408115325,''),
	('f73e1a3b740f2ad1a00d0e30b5437c8d','50.22.53.71','ZmEu',1408115325,''),
	('f403d54073d9fe7d415f0a2b7c52f54d','50.22.53.71','ZmEu',1408115325,''),
	('e57a9b29dd0f5a688cdacde27ef709c9','50.22.53.71','ZmEu',1408115325,''),
	('338516fc8ca4a960896177d25d1bb4ca','50.22.53.71','ZmEu',1408115326,''),
	('f1c86d698102c6178b25675fe4ff11d3','50.22.53.71','ZmEu',1408115326,''),
	('7904550cdf9f60da26c9f6547e34774b','50.22.53.71','ZmEu',1408115326,''),
	('971abe1272b80f58a703650074bdcffd','50.22.53.71','ZmEu',1408115326,''),
	('cb0504162e5801c5e343f44e773ddbc4','50.22.53.71','ZmEu',1408121655,''),
	('305ceddb0515f7b91e1ecc8447d1d927','50.22.53.71','ZmEu',1408121655,''),
	('7ce0ef061d670d7b4979d5dc368ff943','50.22.53.71','ZmEu',1408121655,''),
	('3482119c017aae0b29622b340178a6d4','50.22.53.71','ZmEu',1408121655,''),
	('5adb0a38f0c183e618af6f64e6228501','50.22.53.71','ZmEu',1408121655,''),
	('3870fa47c9894a6cf1c9787171084821','50.22.53.71','ZmEu',1408121656,''),
	('96cfa26655a416e551cba9e142d556e3','50.22.53.71','ZmEu',1408121656,''),
	('836aefdfe7d8f04b67c9f9a0a39c16a3','50.22.53.71','ZmEu',1408121656,''),
	('6f997919311b9941c889e8017d323cd6','50.22.53.71','ZmEu',1408121656,''),
	('9497fa9dee4a9237c5349df35e4c139a','50.22.53.71','ZmEu',1408121656,''),
	('f3e50ee63c296e530e1efbf56a864714','50.22.53.71','ZmEu',1408121656,''),
	('6e30cb3afad27c301ba202332f20f73b','50.22.53.71','ZmEu',1408121656,''),
	('4b8e5993bff13970afe9ff2b632a652b','50.22.53.71','ZmEu',1408121656,''),
	('e663b48f60ddcc0917ce7acd416b72ea','50.22.53.71','ZmEu',1408121657,''),
	('136934770a1e05855e22c03fb9eeab4e','50.22.53.71','ZmEu',1408121657,''),
	('eb32fb78cbd1719aac397ff49adc74f8','50.22.53.71','ZmEu',1408121657,''),
	('144eb141289a424f8b329928788e7667','50.22.53.71','ZmEu',1408121657,''),
	('85e390da4f16124b2ba0d1f9fd751a61','50.22.53.71','ZmEu',1408121657,''),
	('57212205223661d851bde94f4fd66c83','50.22.53.71','ZmEu',1408121657,''),
	('07a3f399f87773fe9314971620d54b09','50.22.53.71','ZmEu',1408121657,''),
	('ddb85ddd849c91e57f2c1ec4a049840d','50.22.53.71','ZmEu',1408121657,''),
	('b92f56c7cecf3dfa6f8847a4f510f159','50.22.53.71','ZmEu',1408121658,''),
	('2a70dc0798ed131421e32772fbde7aa9','50.22.53.71','ZmEu',1408121658,''),
	('1d0d28d4540aa1cd93886a9dc2669004','50.22.53.71','ZmEu',1408121658,''),
	('28fa206f6ef5ecea0006ee559d9c7d72','50.22.53.71','ZmEu',1408121658,''),
	('a8251dd4bfae432c58ee8f103fcc66ed','50.22.53.71','ZmEu',1408121658,''),
	('aaf2039137e4e33ff229d477b918648b','50.22.53.71','ZmEu',1408121658,''),
	('b4340c5264b58783e25fd989185a0cf8','50.22.53.71','ZmEu',1408121659,''),
	('1aa56479cfe9320a03bac7352ce9ace7','50.22.53.71','ZmEu',1408121659,''),
	('ecd658b87a11ba006ecf40d7ec1d2936','50.22.53.71','ZmEu',1408121659,''),
	('790de64b465b340f03be45c82566884a','50.22.53.71','ZmEu',1408121659,''),
	('ef9b4b82f71d37a354af9e0ddaf00fda','50.22.53.71','ZmEu',1408121659,''),
	('215651983b874d23e5a81aac6f71af1c','50.22.53.71','ZmEu',1408121659,''),
	('d817d158d582b5e399b916cead7c09f0','50.22.53.71','ZmEu',1408121659,''),
	('eddd7a56b15bce3072ae066059e6e595','50.22.53.71','ZmEu',1408121659,''),
	('0bc217d1a51606b2e85387df467035b2','50.22.53.71','ZmEu',1408121660,''),
	('803a0106bba77d7513f671af9586cb6e','50.22.53.71','ZmEu',1408121660,''),
	('f333995e39081f83e93f44b49833decd','50.22.53.71','ZmEu',1408121660,''),
	('a7821298c7e42a117de22acda0102eef','50.22.53.71','ZmEu',1408121660,''),
	('7bb5a951f2c690cd90847d33b50aec38','50.22.53.71','ZmEu',1408121660,''),
	('345436642bd79ee0eec77419365dd121','50.22.53.71','ZmEu',1408121660,''),
	('e3f8f1994785099e8c12e7635629b1a0','50.22.53.71','ZmEu',1408121661,''),
	('6f5f29a18ab589ce307273f3ebb05bdd','50.22.53.71','ZmEu',1408121661,''),
	('3ca8c18fc43be975fd1920190b6119b4','50.22.53.71','ZmEu',1408121661,''),
	('43886962db9732f4601f770409a77f05','50.22.53.71','ZmEu',1408121661,''),
	('9ab27b9dafb9761ab050efc6d98e8f8b','50.22.53.71','ZmEu',1408121661,''),
	('469b92ff9fb7f318974da3f854339e0a','50.22.53.71','ZmEu',1408121661,''),
	('20d5e5a4868a12660be118577e1ffec0','50.22.53.71','ZmEu',1408121661,''),
	('a6007954bb257893bf61d1162989f237','50.22.53.71','ZmEu',1408121661,''),
	('5841ea3716c2acef95179e675d5dbcfb','50.22.53.71','ZmEu',1408121662,''),
	('399acb37eb3b232f3c635a6072be8493','50.22.53.71','ZmEu',1408121662,''),
	('c052f3584d7ac115373156026ad91fe6','50.22.53.71','ZmEu',1408121662,''),
	('7ee04e561770bf49662bed3aa1adadf5','50.22.53.71','ZmEu',1408121662,''),
	('95d86dbf6ea711840f158184bc834c06','50.22.53.71','ZmEu',1408121662,''),
	('162bcb7d2f011dcfedb3ae902b66f203','50.22.53.71','ZmEu',1408121662,''),
	('47e037dc0ea5cb48181c77774047ee18','50.22.53.71','ZmEu',1408121662,''),
	('f8460ed56292470d7c935bf89954a64a','50.22.53.71','ZmEu',1408121662,''),
	('d173c3c968a549343fc9ce02fe7858be','162.253.66.76','0',1408152708,''),
	('d964b0372e2e46c1d58216fd814550c5','162.253.66.76','0',1408152708,''),
	('6e000df89ec757a66591ae5024375713','91.240.163.111','masscan/1.0 (https://github.com/robertdavidgraham/masscan)',1408161337,''),
	('35880d78b94319e3443ad851f39f554e','91.240.163.111','masscan/1.0 (https://github.com/robertdavidgraham/masscan)',1408161337,''),
	('b57cdb61af1104202d9154abebb74115','219.235.1.194','Mozilla/3.0 (compatible; Indy Library)',1408201091,''),
	('c955d242b802d8b3dfa80e4fd33c014f','219.235.1.194','Mozilla/3.0 (compatible; Indy Library)',1408201092,''),
	('5dc5d7d1bedad39c8b22a5232dfb1a61','83.160.149.24','Mozilla/5.0 (Macintosh; Intel Mac OS X 10_9_4) AppleWebKit/537.36 (KHTML, like Gecko) Chrome/36.0.1985.125 Safari/537.36',1408204177,''),
	('d2c11a4a90691e57aa162baaeb480666','83.160.149.24','Mozilla/5.0 (Macintosh; Intel Mac OS X 10_9_4) AppleWebKit/537.36 (KHTML, like Gecko) Chrome/36.0.1985.125 Safari/537.36',1408204178,'a:2:{s:9:\"user_data\";s:0:\"\";s:4:\"user\";a:6:{s:7:\"user_id\";s:1:\"1\";s:11:\"user_active\";s:1:\"1\";s:10:\"user_email\";s:14:\"sander@sb-a.nl\";s:8:\"user_acl\";s:1:\"2\";s:10:\"user_fname\";s:6:\"Sander\";s:10:\"user_lname\";s:7:\"Brouwer\";}}'),
	('fe60dc9f20ad41233b3ec0263dbba418','83.160.149.24','Mozilla/5.0 (Macintosh; Intel Mac OS X 10_9_4) AppleWebKit/537.36 (KHTML, like Gecko) Chrome/36.0.1985.125 Safari/537.36',1408204178,''),
	('817230b8684645c793044ddfe0c990e9','162.253.66.74','masscan/1.0 (https://github.com/robertdavidgraham/masscan)',1408208286,''),
	('95cd8484c88a6823c90bf1c44e31121b','162.253.66.74','masscan/1.0 (https://github.com/robertdavidgraham/masscan)',1408208286,''),
	('0b5095296ba4004a40545f4db5fe4fe6','162.253.66.74','masscan/1.0 (https://github.com/robertdavidgraham/masscan)',1408222946,''),
	('cc79ecf5c31b17357fdcd719188f313e','162.253.66.74','masscan/1.0 (https://github.com/robertdavidgraham/masscan)',1408222946,''),
	('4a5c013a1019282c0e2960b0f5d9ea9b','218.245.6.22','0',1408242561,''),
	('5c4f6e6def647013ac46179a9407ce5a','218.245.6.22','0',1408242561,''),
	('5c0850534264a93cdc4eccddc24b920f','162.253.66.74','masscan/1.0 (https://github.com/robertdavidgraham/masscan)',1408243118,''),
	('8a48c3736b16d3ef9933da1c02aa16ea','162.253.66.74','masscan/1.0 (https://github.com/robertdavidgraham/masscan)',1408243118,''),
	('a28759cfe14bb5181f77d7aafb17ed7d','69.64.72.41','Mozilla/5.0 (Windows; U; Windows NT 5.1; en-US; rv:1.9.2.12) Gecko/20101026 Firefox/3.6.12',1408250965,''),
	('810bee608c1844e37c0ff8cb2adc10b5','69.64.72.41','Mozilla/5.0 (Windows; U; Windows NT 5.1; en-US; rv:1.9.2.12) Gecko/20101026 Firefox/3.6.12',1408250965,''),
	('678c8ce3f86de2ef01c87ba79bd15793','81.17.16.170','Mozilla/5.0 (Windows NT 6.1; WOW64; rv:8.0) Gecko/20100101 Firefox/8.0',1408318272,''),
	('75aca9f0782f453004b7fb0e0d413003','81.17.16.170','Mozilla/5.0 (Windows NT 6.1; WOW64; rv:8.0) Gecko/20100101 Firefox/8.0',1408318272,''),
	('e93986e5eac2813fe72c101c02984d52','81.17.16.170','Mozilla/5.0 (Windows NT 6.1; WOW64; rv:8.0) Gecko/20100101 Firefox/8.0',1408318272,''),
	('7982a1dcb661aaed24e1e5ebba9791f8','81.17.16.170','Mozilla/5.0 (Windows NT 6.1; WOW64; rv:8.0) Gecko/20100101 Firefox/8.0',1408318272,''),
	('09fe87693978095eaf951302c675ddb3','81.17.16.170','Mozilla/5.0 (Windows NT 6.1; WOW64; rv:8.0) Gecko/20100101 Firefox/8.0',1408318272,''),
	('a2ea0c54935d040d76fa0d9270704332','81.17.16.170','Mozilla/5.0 (Windows NT 6.1; WOW64; rv:8.0) Gecko/20100101 Firefox/8.0',1408318272,''),
	('70c977c78cef77ac5b5a44df84d75b1f','81.17.16.170','Mozilla/5.0 (Windows NT 6.1; WOW64; rv:8.0) Gecko/20100101 Firefox/8.0',1408318273,''),
	('90b3fcf6812713f7c30c88530138d7ff','81.17.16.170','Mozilla/5.0 (Windows NT 6.1; WOW64; rv:8.0) Gecko/20100101 Firefox/8.0',1408318273,''),
	('afd49b5547b18c2de82dabb903ae3a52','117.21.191.176','Mozilla/5.0',1408374389,''),
	('4cde9f4ce891d741e23cd0e7f876699d','117.21.191.176','Mozilla/5.0',1408374389,''),
	('5dba2cbe0f4a6472c6997e77b89ad509','62.210.38.226','0',1408388695,''),
	('9774c1a9cca3eee18463e1e5c476be84','62.210.38.226','0',1408388695,''),
	('3d5e7b483822fa8890c7c32884ddf484','111.206.199.163','0',1408399885,''),
	('e6a700f5fe1d1431e3451038c4c613dc','111.206.199.163','0',1408399885,''),
	('e9efceb7d1187e131a49057474521fb7','54.237.140.51','Mozilla/4.0 (compatible; MSIE 6.0; Windows NT 5.1; SV1; InfoPath.2)',1408405683,''),
	('1bba0d7f86aaeacaab962f3aa05d0aa6','54.237.140.51','Mozilla/4.0 (compatible; MSIE 6.0; Windows NT 5.1; SV1; InfoPath.2)',1408405683,''),
	('64ca59bb998f4d07000f2e9d3956ef4b','81.17.16.170','Mozilla/5.0 (Windows NT 6.1; WOW64; rv:8.0) Gecko/20100101 Firefox/8.0',1408430547,''),
	('1a608cc8c8c2cfdeedbbe1e8e5dd0ed4','81.17.16.170','Mozilla/5.0 (Windows NT 6.1; WOW64; rv:8.0) Gecko/20100101 Firefox/8.0',1408430547,''),
	('656e1545eb91d842571e3f246221515c','81.17.16.170','Mozilla/5.0 (Windows NT 6.1; WOW64; rv:8.0) Gecko/20100101 Firefox/8.0',1408430547,''),
	('e96eb29ee891f787d7fcb5ddc4f1f02c','81.17.16.170','Mozilla/5.0 (Windows NT 6.1; WOW64; rv:8.0) Gecko/20100101 Firefox/8.0',1408430547,''),
	('f438daf7f34866c4b325c4e566af7642','81.17.16.170','Mozilla/5.0 (Windows NT 6.1; WOW64; rv:8.0) Gecko/20100101 Firefox/8.0',1408430547,''),
	('e18d84dcabfb34c974608ae4ccb6f66f','81.17.16.170','Mozilla/5.0 (Windows NT 6.1; WOW64; rv:8.0) Gecko/20100101 Firefox/8.0',1408430547,''),
	('22d7ceb5643755ac4977789e71b5eee3','81.17.16.170','Mozilla/5.0 (Windows NT 6.1; WOW64; rv:8.0) Gecko/20100101 Firefox/8.0',1408430547,''),
	('cfbd7cb32b7154f62e7eec9693d74cc6','81.17.16.170','Mozilla/5.0 (Windows NT 6.1; WOW64; rv:8.0) Gecko/20100101 Firefox/8.0',1408430547,''),
	('013cbd70e99a860233d6635501d7216b','81.17.16.170','Mozilla/5.0 (Windows NT 6.1; WOW64; rv:8.0) Gecko/20100101 Firefox/8.0',1408430825,''),
	('56483c8f8a2550c812506a6e35c586f3','81.17.16.170','Mozilla/5.0 (Windows NT 6.1; WOW64; rv:8.0) Gecko/20100101 Firefox/8.0',1408430825,''),
	('2bf1e7f7807d971d32bbf711b4268d02','81.17.16.170','Mozilla/5.0 (Windows NT 6.1; WOW64; rv:8.0) Gecko/20100101 Firefox/8.0',1408430825,''),
	('0159f7cb1445bb2e50da0ab87523eeba','81.17.16.170','Mozilla/5.0 (Windows NT 6.1; WOW64; rv:8.0) Gecko/20100101 Firefox/8.0',1408430825,''),
	('8e971dd149620de9dc3b66897b907b00','81.17.16.170','Mozilla/5.0 (Windows NT 6.1; WOW64; rv:8.0) Gecko/20100101 Firefox/8.0',1408430825,''),
	('c9583de126d02e3ec0b292bb87688dec','81.17.16.170','Mozilla/5.0 (Windows NT 6.1; WOW64; rv:8.0) Gecko/20100101 Firefox/8.0',1408430825,''),
	('d863874b5da89f2e2f8ae0feda4d5dd8','81.17.16.170','Mozilla/5.0 (Windows NT 6.1; WOW64; rv:8.0) Gecko/20100101 Firefox/8.0',1408430825,''),
	('26b754fce5d20cb8737b75e1f0b6c0a4','93.174.93.218','Mozilla/5.0 (Windows; U; Windows NT 6.1; en-US; rv:1.9.2.28) Gecko/20120306 Firefox/3.6.28 (.NET CLR 3.5.30729)',1408447693,''),
	('a8f228404c40117a08a16520a9f43563','93.174.93.218','Mozilla/5.0 (Windows; U; Windows NT 6.1; en-US; rv:1.9.2.28) Gecko/20120306 Firefox/3.6.28 (.NET CLR 3.5.30729)',1408447693,''),
	('5b58f29cd839433a358a67574ccfd067','193.174.89.19','Mozilla/5.0 (compatible; Muenster University of Applied Sciences; +http://fb02itsscan.fh-muenster.de)',1408455389,''),
	('7143da59620d13482470282026a48b42','193.174.89.19','Mozilla/5.0 (compatible; Muenster University of Applied Sciences; +http://fb02itsscan.fh-muenster.de)',1408455389,''),
	('f7490aab0c3cac3e8ef3e989f4308089','83.160.149.24','Mozilla/5.0 (Macintosh; Intel Mac OS X 10_9_4) AppleWebKit/537.36 (KHTML, like Gecko) Chrome/36.0.1985.143 Safari/537.36',1408475889,''),
	('c206411ebfb46d0d739ca7679cf5c2b8','83.160.149.24','Mozilla/5.0 (Macintosh; Intel Mac OS X 10_9_4) AppleWebKit/537.36 (KHTML, like Gecko) Chrome/36.0.1985.143 Safari/537.36',1408475889,''),
	('b090ea01afdb837df028743cfa6e5cd3','192.99.152.38','Mozilla/5.0 (Windows NT 6.1; WOW64; rv:8.0) Gecko/20100101 Firefox/8.0',1409687769,''),
	('916461a91f4fb483796b0b794307337b','192.99.152.38','Mozilla/5.0 (Windows NT 6.1; WOW64; rv:8.0) Gecko/20100101 Firefox/8.0',1409687769,''),
	('65a539ae4817594ae679418011e12a88','192.99.152.38','Mozilla/5.0 (Windows NT 6.1; WOW64; rv:8.0) Gecko/20100101 Firefox/8.0',1409687769,''),
	('0ea2ed7b899193d5d31ebf896659d691','192.99.152.38','Mozilla/5.0 (Windows NT 6.1; WOW64; rv:8.0) Gecko/20100101 Firefox/8.0',1409687769,''),
	('b46495da4ed52a3f84e74edd085c311d','192.99.152.38','Mozilla/5.0 (Windows NT 6.1; WOW64; rv:8.0) Gecko/20100101 Firefox/8.0',1409687770,''),
	('02659c41ff35534cadd0b6b2e609901e','192.99.152.38','Mozilla/5.0 (Windows NT 6.1; WOW64; rv:8.0) Gecko/20100101 Firefox/8.0',1409687770,''),
	('7ae95524b2b192723c51ebfe45fbdfb5','192.99.152.38','Mozilla/5.0 (Windows NT 6.1; WOW64; rv:8.0) Gecko/20100101 Firefox/8.0',1409687770,''),
	('193266210c8c56fcbd50abe3c34fa6ec','192.99.152.38','Mozilla/5.0 (Windows NT 6.1; WOW64; rv:8.0) Gecko/20100101 Firefox/8.0',1409687770,''),
	('152f69cbd6f70ae3123f1d911f73d466','74.63.199.120','0',1409706228,''),
	('e39904ecf6c48b6f14d9b3d5a99fb662','74.63.199.120','0',1409706228,''),
	('fddd6af1f24962312b186c0c72314538','82.161.69.199','Mozilla/5.0 (Macintosh; Intel Mac OS X 10_9_4) AppleWebKit/537.36 (KHTML, like Gecko) Chrome/37.0.2062.94 Safari/537.36',1409734926,''),
	('47e307579109bc813dacf417832551f9','82.161.69.199','Mozilla/5.0 (Macintosh; Intel Mac OS X 10_9_4) AppleWebKit/537.36 (KHTML, like Gecko) Chrome/37.0.2062.94 Safari/537.36',1409734927,''),
	('a802114508bf6e389e5b53bc17035f4c','93.174.93.218','Mozilla/5.0 (Windows; U; Windows NT 6.1; en-US; rv:1.9.2.28) Gecko/20120306 Firefox/3.6.28 (.NET CLR 3.5.30729)',1409805792,''),
	('ce9873897364f3517ec83f1fa0721076','93.174.93.218','Mozilla/5.0 (Windows; U; Windows NT 6.1; en-US; rv:1.9.2.28) Gecko/20120306 Firefox/3.6.28 (.NET CLR 3.5.30729)',1409805792,''),
	('1724578ba60b550d49abb4f6d3f11d43','117.21.191.176','Mozilla/5.0',1409834330,''),
	('d6ba121f1bf34cabfa2592c6ac16ea57','117.21.191.176','Mozilla/5.0',1409834330,''),
	('8a73e5a2d82db3c3655b0152b395fbe1','74.63.199.120','0',1409836804,''),
	('5f052162c295b176ef9ca8f940515520','74.63.199.120','0',1409836804,''),
	('0544d2743a4fbfeb845272b251f61be0','80.69.68.6','Mozilla/5.0 (Macintosh; Intel Mac OS X 10_9_4) AppleWebKit/537.36 (KHTML, like Gecko) Chrome/37.0.2062.94 Safari/537.36',1409838391,''),
	('ba0520d321f702122d9d3765a808de59','80.69.68.6','Mozilla/5.0 (Macintosh; Intel Mac OS X 10_9_4) AppleWebKit/537.36 (KHTML, like Gecko) Chrome/37.0.2062.94 Safari/537.36',1409900721,''),
	('9c4e00e26773dc38d4d99f5944716d95','174.139.141.122','0',1409840475,''),
	('7bc6dc0219b6824265024baa499797f3','174.139.141.122','0',1409840475,''),
	('ad21b3ed2be08678d04b7cb6246a0379','83.160.149.24','Mozilla/5.0 (Macintosh; Intel Mac OS X 10_9_4) AppleWebKit/537.36 (KHTML, like Gecko) Chrome/37.0.2062.94 Safari/537.36',1409861718,''),
	('491efee4439403fe352d47fa5ed364a2','83.160.149.24','Mozilla/5.0 (Macintosh; Intel Mac OS X 10_9_4) AppleWebKit/537.36 (KHTML, like Gecko) Chrome/37.0.2062.94 Safari/537.36',1409861718,''),
	('949c0cd796afde7ff05e1aff08f2c9dc','65.207.23.201','Morfeus Fucking Scanner',1409873022,''),
	('6e6af94735d0f68939943bc7ccadd9d0','65.207.23.201','Morfeus Fucking Scanner',1409873022,''),
	('5c07a24e9204dbbd009a918cd71ac0d2','65.207.23.201','Morfeus Fucking Scanner',1409873022,''),
	('936824b3b1aaa3dd4bab3293db20ece9','218.248.64.75','0',1409897399,''),
	('f93eea7b59dc942a04d1b482930fd055','218.248.64.75','0',1409897399,''),
	('7dc4f035b0c1621825847696de4e0c25','80.69.68.6','Mozilla/5.0 (Macintosh; Intel Mac OS X 10_9_4) AppleWebKit/537.36 (KHTML, like Gecko) Chrome/37.0.2062.94 Safari/537.36',1409900721,'a:2:{s:9:\"user_data\";s:0:\"\";s:4:\"user\";a:6:{s:7:\"user_id\";s:1:\"1\";s:11:\"user_active\";s:1:\"1\";s:10:\"user_email\";s:5:\"admin\";s:8:\"user_acl\";s:1:\"2\";s:10:\"user_fname\";s:5:\"Admin\";s:10:\"user_lname\";s:0:\"\";}}'),
	('543295a36ca2ebec32741dacff7ac8af','::1','Mozilla/5.0 (Macintosh; Intel Mac OS X 10_9_4) AppleWebKit/537.36 (KHTML, like Gecko) Chrome/37.0.2062.94 Safari/537.36',1409905555,''),
	('8f09b51bae4acad9731db0926d773b16','::1','Mozilla/5.0 (Macintosh; Intel Mac OS X 10_9_4) AppleWebKit/537.36 (KHTML, like Gecko) Chrome/37.0.2062.94 Safari/537.36',1409905555,''),
	('2dd8d6fd2abcb0f3e04b1518ff94d239','::1','Mozilla/5.0 (Macintosh; Intel Mac OS X 10_9_4) AppleWebKit/537.36 (KHTML, like Gecko) Chrome/37.0.2062.94 Safari/537.36',1409905575,''),
	('d5597753d7ba82ba875a4b15277005b2','::1','Mozilla/5.0 (Macintosh; Intel Mac OS X 10_9_4) AppleWebKit/537.36 (KHTML, like Gecko) Chrome/37.0.2062.94 Safari/537.36',1409905575,''),
	('c95915473f504b0826610a434fea8baf','::1','Mozilla/5.0 (Macintosh; Intel Mac OS X 10_9_4) AppleWebKit/537.36 (KHTML, like Gecko) Chrome/37.0.2062.94 Safari/537.36',1409906054,''),
	('9e7a3f35cf07aa4ef6b430629f7d3b3c','::1','Mozilla/5.0 (Macintosh; Intel Mac OS X 10_9_4) AppleWebKit/537.36 (KHTML, like Gecko) Chrome/37.0.2062.94 Safari/537.36',1409906054,''),
	('de6e634492001a8e02631e5646af7bd5','::1','Mozilla/5.0 (Macintosh; Intel Mac OS X 10_9_4) AppleWebKit/537.36 (KHTML, like Gecko) Chrome/37.0.2062.94 Safari/537.36',1409906057,''),
	('8a50855cee373867ad0afe953193a8bd','::1','Mozilla/5.0 (Macintosh; Intel Mac OS X 10_9_4) AppleWebKit/537.36 (KHTML, like Gecko) Chrome/37.0.2062.94 Safari/537.36',1409906057,''),
	('f611fa6a518a94730bf30a88c9060573','::1','Mozilla/5.0 (Macintosh; Intel Mac OS X 10_9_4) AppleWebKit/537.36 (KHTML, like Gecko) Chrome/37.0.2062.94 Safari/537.36',1409906146,''),
	('30891cecccb4efd067cc1d86842dfb36','::1','Mozilla/5.0 (Macintosh; Intel Mac OS X 10_9_4) AppleWebKit/537.36 (KHTML, like Gecko) Chrome/37.0.2062.94 Safari/537.36',1409906146,''),
	('b97caff0d0d338c1e2142d54dada79bd','::1','Mozilla/5.0 (Macintosh; Intel Mac OS X 10_9_4) AppleWebKit/537.36 (KHTML, like Gecko) Chrome/37.0.2062.94 Safari/537.36',1409906195,''),
	('c5d8773d792f2e970b62e15ecd522ab1','::1','Mozilla/5.0 (Macintosh; Intel Mac OS X 10_9_4) AppleWebKit/537.36 (KHTML, like Gecko) Chrome/37.0.2062.94 Safari/537.36',1409906195,''),
	('b2e33164150aa8300f187954018b6b6b','::1','Mozilla/5.0 (Macintosh; Intel Mac OS X 10_9_4) AppleWebKit/537.36 (KHTML, like Gecko) Chrome/37.0.2062.94 Safari/537.36',1409906932,''),
	('da968245766713c3d1fdd443b7243445','::1','Mozilla/5.0 (Macintosh; Intel Mac OS X 10_9_4) AppleWebKit/537.36 (KHTML, like Gecko) Chrome/37.0.2062.94 Safari/537.36',1409906932,''),
	('235dfd994c5b13ebd5505834c96875b5','::1','Mozilla/5.0 (Macintosh; Intel Mac OS X 10_9_4) AppleWebKit/537.36 (KHTML, like Gecko) Chrome/37.0.2062.94 Safari/537.36',1409907034,''),
	('db79f83f91fdaa99f244dbe31ad09d7d','::1','Mozilla/5.0 (Macintosh; Intel Mac OS X 10_9_4) AppleWebKit/537.36 (KHTML, like Gecko) Chrome/37.0.2062.94 Safari/537.36',1409907034,''),
	('772e5d644f4e7bd4ed1a0077ee5daa25','::1','Mozilla/5.0 (Macintosh; Intel Mac OS X 10_9_4) AppleWebKit/537.36 (KHTML, like Gecko) Chrome/37.0.2062.94 Safari/537.36',1409907035,''),
	('cfccf500fba8b8d2d13202f19c374a79','::1','Mozilla/5.0 (Macintosh; Intel Mac OS X 10_9_4) AppleWebKit/537.36 (KHTML, like Gecko) Chrome/37.0.2062.94 Safari/537.36',1409907035,''),
	('94942e9afcbdce91bd022cfe8898ecbc','::1','Mozilla/5.0 (Macintosh; Intel Mac OS X 10_9_4) AppleWebKit/537.36 (KHTML, like Gecko) Chrome/37.0.2062.94 Safari/537.36',1409907057,''),
	('5d68f52cbff2286cafc3b1397f678f2c','::1','Mozilla/5.0 (Macintosh; Intel Mac OS X 10_9_4) AppleWebKit/537.36 (KHTML, like Gecko) Chrome/37.0.2062.94 Safari/537.36',1409907057,''),
	('51e6f5e957bb6d4427aab85a3d29078a','::1','Mozilla/5.0 (Macintosh; Intel Mac OS X 10_9_4) AppleWebKit/537.36 (KHTML, like Gecko) Chrome/37.0.2062.94 Safari/537.36',1409907057,''),
	('55f7de0123f2d6d05f8f8c8ccd6e2f91','::1','Mozilla/5.0 (Macintosh; Intel Mac OS X 10_9_4) AppleWebKit/537.36 (KHTML, like Gecko) Chrome/37.0.2062.94 Safari/537.36',1409907057,''),
	('8e3df10387097cc0a6407d4de83088b5','::1','Mozilla/5.0 (Macintosh; Intel Mac OS X 10_9_4) AppleWebKit/537.36 (KHTML, like Gecko) Chrome/37.0.2062.94 Safari/537.36',1409907057,''),
	('d9a387c74cb63ce694a5318d27afa90c','::1','Mozilla/5.0 (Macintosh; Intel Mac OS X 10_9_4) AppleWebKit/537.36 (KHTML, like Gecko) Chrome/37.0.2062.94 Safari/537.36',1409907057,''),
	('8eba789414ff1354f6fb20ae78184275','::1','Mozilla/5.0 (Macintosh; Intel Mac OS X 10_9_4) AppleWebKit/537.36 (KHTML, like Gecko) Chrome/37.0.2062.94 Safari/537.36',1409907057,''),
	('8a580d637a9515bf670af5a53908e9ab','::1','Mozilla/5.0 (Macintosh; Intel Mac OS X 10_9_4) AppleWebKit/537.36 (KHTML, like Gecko) Chrome/37.0.2062.94 Safari/537.36',1409907057,''),
	('88684916280a376d8258fc779dfef84e','::1','Mozilla/5.0 (Macintosh; Intel Mac OS X 10_9_4) AppleWebKit/537.36 (KHTML, like Gecko) Chrome/37.0.2062.94 Safari/537.36',1409907057,''),
	('6feefbccf4a63817b301a67a526a24ae','::1','Mozilla/5.0 (Macintosh; Intel Mac OS X 10_9_4) AppleWebKit/537.36 (KHTML, like Gecko) Chrome/37.0.2062.94 Safari/537.36',1409907057,''),
	('34f5340518178ae7127ec085b2b32c24','::1','Mozilla/5.0 (Macintosh; Intel Mac OS X 10_9_4) AppleWebKit/537.36 (KHTML, like Gecko) Chrome/37.0.2062.94 Safari/537.36',1409907057,''),
	('b9fabb514ed2a23ed97fc3d2d81894ee','::1','Mozilla/5.0 (Macintosh; Intel Mac OS X 10_9_4) AppleWebKit/537.36 (KHTML, like Gecko) Chrome/37.0.2062.94 Safari/537.36',1409907057,''),
	('11e5525d7c5c9a502a6f35cfd1affc05','::1','Mozilla/5.0 (Macintosh; Intel Mac OS X 10_9_4) AppleWebKit/537.36 (KHTML, like Gecko) Chrome/37.0.2062.94 Safari/537.36',1409907057,''),
	('32a89ec24d35cbe3bd965cd1972f1464','::1','Mozilla/5.0 (Macintosh; Intel Mac OS X 10_9_4) AppleWebKit/537.36 (KHTML, like Gecko) Chrome/37.0.2062.94 Safari/537.36',1409907057,''),
	('c327a65012e9cdf9fa61e7ecdcc997c6','::1','Mozilla/5.0 (Macintosh; Intel Mac OS X 10_9_4) AppleWebKit/537.36 (KHTML, like Gecko) Chrome/37.0.2062.94 Safari/537.36',1409907368,''),
	('a6df4599b68156bd1dfc71bf0ffc6899','::1','Mozilla/5.0 (Macintosh; Intel Mac OS X 10_9_4) AppleWebKit/537.36 (KHTML, like Gecko) Chrome/37.0.2062.94 Safari/537.36',1409907368,''),
	('68b1048b8146ca652a58461b36acf657','::1','Mozilla/5.0 (Macintosh; Intel Mac OS X 10_9_4) AppleWebKit/537.36 (KHTML, like Gecko) Chrome/37.0.2062.94 Safari/537.36',1409907418,''),
	('1fbc60c91b6d5aa1ed6106bfa5f74137','::1','Mozilla/5.0 (Macintosh; Intel Mac OS X 10_9_4) AppleWebKit/537.36 (KHTML, like Gecko) Chrome/37.0.2062.94 Safari/537.36',1409907418,''),
	('b8b9ead07d8f9a86c39a52c1ec795b23','::1','Mozilla/5.0 (Macintosh; Intel Mac OS X 10_9_4) AppleWebKit/537.36 (KHTML, like Gecko) Chrome/37.0.2062.94 Safari/537.36',1409907419,''),
	('19ebed16f8b65d8c9ad3f6a9c1c1cbed','::1','Mozilla/5.0 (Macintosh; Intel Mac OS X 10_9_4) AppleWebKit/537.36 (KHTML, like Gecko) Chrome/37.0.2062.94 Safari/537.36',1409907419,''),
	('fe97db1bfb18a4d2c73a2e961c325e3c','::1','Mozilla/5.0 (Macintosh; Intel Mac OS X 10_9_4) AppleWebKit/537.36 (KHTML, like Gecko) Chrome/37.0.2062.94 Safari/537.36',1409907486,''),
	('ce92165809a874fbae5f703854f3eb0d','::1','Mozilla/5.0 (Macintosh; Intel Mac OS X 10_9_4) AppleWebKit/537.36 (KHTML, like Gecko) Chrome/37.0.2062.94 Safari/537.36',1409907486,''),
	('42ab7bcf5d9f9006107d3b5f673342fd','::1','Mozilla/5.0 (Macintosh; Intel Mac OS X 10_9_4) AppleWebKit/537.36 (KHTML, like Gecko) Chrome/37.0.2062.94 Safari/537.36',1409907515,''),
	('2535187ba7a9e1126058a1c1e5775591','::1','Mozilla/5.0 (Macintosh; Intel Mac OS X 10_9_4) AppleWebKit/537.36 (KHTML, like Gecko) Chrome/37.0.2062.94 Safari/537.36',1409907515,''),
	('0bd06eed7e3117e3e88aa2b5153c7308','::1','Mozilla/5.0 (Macintosh; Intel Mac OS X 10_9_4) AppleWebKit/537.36 (KHTML, like Gecko) Chrome/37.0.2062.94 Safari/537.36',1409907515,''),
	('4c712118d9c4946f4e08b380a4c3c347','::1','Mozilla/5.0 (Macintosh; Intel Mac OS X 10_9_4) AppleWebKit/537.36 (KHTML, like Gecko) Chrome/37.0.2062.94 Safari/537.36',1409907515,''),
	('47756ce399183ed33a8ce6a02c5c85d7','::1','Mozilla/5.0 (Macintosh; Intel Mac OS X 10_9_4) AppleWebKit/537.36 (KHTML, like Gecko) Chrome/37.0.2062.94 Safari/537.36',1409907515,''),
	('cf7c45ca6facc12491f5b70d69c81ab9','::1','Mozilla/5.0 (Macintosh; Intel Mac OS X 10_9_4) AppleWebKit/537.36 (KHTML, like Gecko) Chrome/37.0.2062.94 Safari/537.36',1409907515,''),
	('66b49e39f6de04fd35a2ec401f2ed80e','::1','Mozilla/5.0 (Macintosh; Intel Mac OS X 10_9_4) AppleWebKit/537.36 (KHTML, like Gecko) Chrome/37.0.2062.94 Safari/537.36',1409907515,''),
	('6cee40e5b37cc463b57c339bb089a066','::1','Mozilla/5.0 (Macintosh; Intel Mac OS X 10_9_4) AppleWebKit/537.36 (KHTML, like Gecko) Chrome/37.0.2062.94 Safari/537.36',1409907515,''),
	('db931f4a4a1ca159e1ad8a1384827ceb','::1','Mozilla/5.0 (Macintosh; Intel Mac OS X 10_9_4) AppleWebKit/537.36 (KHTML, like Gecko) Chrome/37.0.2062.94 Safari/537.36',1409907515,''),
	('cb11041ee0b52fee5d4cef9a79627a14','::1','Mozilla/5.0 (Macintosh; Intel Mac OS X 10_9_4) AppleWebKit/537.36 (KHTML, like Gecko) Chrome/37.0.2062.94 Safari/537.36',1409907515,''),
	('18f7b840676e8aa9d5ddf9ccb478d717','::1','Mozilla/5.0 (Macintosh; Intel Mac OS X 10_9_4) AppleWebKit/537.36 (KHTML, like Gecko) Chrome/37.0.2062.94 Safari/537.36',1409907515,''),
	('27caf653c957ec6372fc6808cdf9659d','::1','Mozilla/5.0 (Macintosh; Intel Mac OS X 10_9_4) AppleWebKit/537.36 (KHTML, like Gecko) Chrome/37.0.2062.94 Safari/537.36',1409907515,''),
	('b47f010b48d3d6456a198335cd897b54','::1','Mozilla/5.0 (Macintosh; Intel Mac OS X 10_9_4) AppleWebKit/537.36 (KHTML, like Gecko) Chrome/37.0.2062.94 Safari/537.36',1409907515,''),
	('a16212437eb5f49e30ec1c5da0402147','::1','Mozilla/5.0 (Macintosh; Intel Mac OS X 10_9_4) AppleWebKit/537.36 (KHTML, like Gecko) Chrome/37.0.2062.94 Safari/537.36',1409907515,''),
	('735afd783f34f5e0298f838c4b65fbbc','::1','Mozilla/5.0 (Macintosh; Intel Mac OS X 10_9_4) AppleWebKit/537.36 (KHTML, like Gecko) Chrome/37.0.2062.94 Safari/537.36',1409907515,''),
	('628688202a491ca170db21499dd49b21','::1','Mozilla/5.0 (Macintosh; Intel Mac OS X 10_9_4) AppleWebKit/537.36 (KHTML, like Gecko) Chrome/37.0.2062.94 Safari/537.36',1409907515,''),
	('d8eeabb2b34e0cb39f888c5277583a17','::1','Mozilla/5.0 (Macintosh; Intel Mac OS X 10_9_4) AppleWebKit/537.36 (KHTML, like Gecko) Chrome/37.0.2062.94 Safari/537.36',1409907518,''),
	('6146455ef33056ab43e82dc284e0a9de','::1','Mozilla/5.0 (Macintosh; Intel Mac OS X 10_9_4) AppleWebKit/537.36 (KHTML, like Gecko) Chrome/37.0.2062.94 Safari/537.36',1409907518,''),
	('ed2615e34999f12188ef2d5ef32e8a6a','::1','Mozilla/5.0 (Macintosh; Intel Mac OS X 10_9_4) AppleWebKit/537.36 (KHTML, like Gecko) Chrome/37.0.2062.94 Safari/537.36',1409907518,''),
	('63ad85ae348602c968238e627d1ac86e','::1','Mozilla/5.0 (Macintosh; Intel Mac OS X 10_9_4) AppleWebKit/537.36 (KHTML, like Gecko) Chrome/37.0.2062.94 Safari/537.36',1409907518,''),
	('8cab61375c8696705ca7f7527e839268','::1','Mozilla/5.0 (Macintosh; Intel Mac OS X 10_9_4) AppleWebKit/537.36 (KHTML, like Gecko) Chrome/37.0.2062.94 Safari/537.36',1409907518,''),
	('f0d5b4ec17c608fb5bbcd5ab136af2ab','::1','Mozilla/5.0 (Macintosh; Intel Mac OS X 10_9_4) AppleWebKit/537.36 (KHTML, like Gecko) Chrome/37.0.2062.94 Safari/537.36',1409907518,''),
	('51a3136c584188a05ecad0985333e0ae','::1','Mozilla/5.0 (Macintosh; Intel Mac OS X 10_9_4) AppleWebKit/537.36 (KHTML, like Gecko) Chrome/37.0.2062.94 Safari/537.36',1409907541,''),
	('5449ef47245ced95d5ace008a9998eaa','::1','Mozilla/5.0 (Macintosh; Intel Mac OS X 10_9_4) AppleWebKit/537.36 (KHTML, like Gecko) Chrome/37.0.2062.94 Safari/537.36',1409907541,''),
	('c253056f7438e8aa658ff51b94905ea0','::1','Mozilla/5.0 (Macintosh; Intel Mac OS X 10_9_4) AppleWebKit/537.36 (KHTML, like Gecko) Chrome/37.0.2062.94 Safari/537.36',1409907541,''),
	('6e7aacf7dae288e1345e4e437d7828e3','::1','Mozilla/5.0 (Macintosh; Intel Mac OS X 10_9_4) AppleWebKit/537.36 (KHTML, like Gecko) Chrome/37.0.2062.94 Safari/537.36',1409907541,''),
	('f6c67fbdfcca9431b9c9af6ec06969ad','::1','Mozilla/5.0 (Macintosh; Intel Mac OS X 10_9_4) AppleWebKit/537.36 (KHTML, like Gecko) Chrome/37.0.2062.94 Safari/537.36',1409907541,''),
	('d6c3384ec3d83028ac788072278936cc','::1','Mozilla/5.0 (Macintosh; Intel Mac OS X 10_9_4) AppleWebKit/537.36 (KHTML, like Gecko) Chrome/37.0.2062.94 Safari/537.36',1409907541,''),
	('6b8912637062c9b414b6aaa2e23ee049','::1','Mozilla/5.0 (Macintosh; Intel Mac OS X 10_9_4) AppleWebKit/537.36 (KHTML, like Gecko) Chrome/37.0.2062.94 Safari/537.36',1409907542,''),
	('c7ccc93a38839eb84ed1ed791f63891d','::1','Mozilla/5.0 (Macintosh; Intel Mac OS X 10_9_4) AppleWebKit/537.36 (KHTML, like Gecko) Chrome/37.0.2062.94 Safari/537.36',1409907542,''),
	('b1fadcb87988558183f0a096cfdfa9b1','::1','Mozilla/5.0 (Macintosh; Intel Mac OS X 10_9_4) AppleWebKit/537.36 (KHTML, like Gecko) Chrome/37.0.2062.94 Safari/537.36',1409907542,''),
	('750dcf4a685e18f11d50d5291e0af1b8','::1','Mozilla/5.0 (Macintosh; Intel Mac OS X 10_9_4) AppleWebKit/537.36 (KHTML, like Gecko) Chrome/37.0.2062.94 Safari/537.36',1409907542,''),
	('8415fd2d6e6d84fff68428b8fd081be7','::1','Mozilla/5.0 (Macintosh; Intel Mac OS X 10_9_4) AppleWebKit/537.36 (KHTML, like Gecko) Chrome/37.0.2062.94 Safari/537.36',1409907542,''),
	('96626b931b1fdbe3fccc8e8bfb4f8e65','::1','Mozilla/5.0 (Macintosh; Intel Mac OS X 10_9_4) AppleWebKit/537.36 (KHTML, like Gecko) Chrome/37.0.2062.94 Safari/537.36',1409907542,''),
	('06067745b3efa9e7a241f61fbf57f7a3','::1','Mozilla/5.0 (Macintosh; Intel Mac OS X 10_9_4) AppleWebKit/537.36 (KHTML, like Gecko) Chrome/37.0.2062.94 Safari/537.36',1409907585,''),
	('cd63d76a9b0b472e9c58cf36ddf4e79e','::1','Mozilla/5.0 (Macintosh; Intel Mac OS X 10_9_4) AppleWebKit/537.36 (KHTML, like Gecko) Chrome/37.0.2062.94 Safari/537.36',1409907585,''),
	('905cbfcd42e2dd8adcbdfa2a24ad9af7','::1','Mozilla/5.0 (Macintosh; Intel Mac OS X 10_9_4) AppleWebKit/537.36 (KHTML, like Gecko) Chrome/37.0.2062.94 Safari/537.36',1409907585,''),
	('80eea244630ae5cbe9320c8ab0f54e52','::1','Mozilla/5.0 (Macintosh; Intel Mac OS X 10_9_4) AppleWebKit/537.36 (KHTML, like Gecko) Chrome/37.0.2062.94 Safari/537.36',1409907585,''),
	('64b28f598817ac7eb5ffce43e05b8a5c','::1','Mozilla/5.0 (Macintosh; Intel Mac OS X 10_9_4) AppleWebKit/537.36 (KHTML, like Gecko) Chrome/37.0.2062.94 Safari/537.36',1409907585,''),
	('b85272317662a3bd8350b1c65f545397','::1','Mozilla/5.0 (Macintosh; Intel Mac OS X 10_9_4) AppleWebKit/537.36 (KHTML, like Gecko) Chrome/37.0.2062.94 Safari/537.36',1409907585,''),
	('c0148a64a0fb4fe08cdf1bdf2534c465','::1','Mozilla/5.0 (Macintosh; Intel Mac OS X 10_9_4) AppleWebKit/537.36 (KHTML, like Gecko) Chrome/37.0.2062.94 Safari/537.36',1409907595,''),
	('faad7cad595638b8502ccc61c6c5a744','::1','Mozilla/5.0 (Macintosh; Intel Mac OS X 10_9_4) AppleWebKit/537.36 (KHTML, like Gecko) Chrome/37.0.2062.94 Safari/537.36',1409907595,''),
	('e5ec9962e359b042d902f5635896c528','::1','Mozilla/5.0 (Macintosh; Intel Mac OS X 10_9_4) AppleWebKit/537.36 (KHTML, like Gecko) Chrome/37.0.2062.94 Safari/537.36',1409907635,''),
	('12d291b86815c90080a34786c1e7715f','::1','Mozilla/5.0 (Macintosh; Intel Mac OS X 10_9_4) AppleWebKit/537.36 (KHTML, like Gecko) Chrome/37.0.2062.94 Safari/537.36',1409907635,''),
	('6c080e8e15c0995c45194ea5f8512fc6','::1','Mozilla/5.0 (Macintosh; Intel Mac OS X 10_9_4) AppleWebKit/537.36 (KHTML, like Gecko) Chrome/37.0.2062.94 Safari/537.36',1409907635,''),
	('63a7f5a12b8c85e4301411b98c3e007a','::1','Mozilla/5.0 (Macintosh; Intel Mac OS X 10_9_4) AppleWebKit/537.36 (KHTML, like Gecko) Chrome/37.0.2062.94 Safari/537.36',1409907635,''),
	('8c515b57228ab08e88dfdbd3d7b599ab','::1','Mozilla/5.0 (Macintosh; Intel Mac OS X 10_9_4) AppleWebKit/537.36 (KHTML, like Gecko) Chrome/37.0.2062.94 Safari/537.36',1409907635,''),
	('70008b81bd4b43a0b35b4292d7b9448f','::1','Mozilla/5.0 (Macintosh; Intel Mac OS X 10_9_4) AppleWebKit/537.36 (KHTML, like Gecko) Chrome/37.0.2062.94 Safari/537.36',1409907635,''),
	('88a872bd8262a1213e1e7a42bde0da5b','::1','Mozilla/5.0 (Macintosh; Intel Mac OS X 10_9_4) AppleWebKit/537.36 (KHTML, like Gecko) Chrome/37.0.2062.94 Safari/537.36',1409907654,''),
	('b9c9acf84f445b75cf3c11b06321f631','::1','Mozilla/5.0 (Macintosh; Intel Mac OS X 10_9_4) AppleWebKit/537.36 (KHTML, like Gecko) Chrome/37.0.2062.94 Safari/537.36',1409907654,''),
	('96e5f995c9dc147dff3e4570bf1a30d1','::1','Mozilla/5.0 (Macintosh; Intel Mac OS X 10_9_4) AppleWebKit/537.36 (KHTML, like Gecko) Chrome/37.0.2062.94 Safari/537.36',1409907654,''),
	('aeec1533fbd3cd357c993f176e7eb94f','::1','Mozilla/5.0 (Macintosh; Intel Mac OS X 10_9_4) AppleWebKit/537.36 (KHTML, like Gecko) Chrome/37.0.2062.94 Safari/537.36',1409907654,''),
	('1efaed8f25b4ed19e5ce987d47703ddb','::1','Mozilla/5.0 (Macintosh; Intel Mac OS X 10_9_4) AppleWebKit/537.36 (KHTML, like Gecko) Chrome/37.0.2062.94 Safari/537.36',1409907654,''),
	('fc738c262810e45fa26bac5c8e951287','::1','Mozilla/5.0 (Macintosh; Intel Mac OS X 10_9_4) AppleWebKit/537.36 (KHTML, like Gecko) Chrome/37.0.2062.94 Safari/537.36',1409907654,''),
	('24a04d013ffe27c3b1a21f197c6057d7','::1','Mozilla/5.0 (Macintosh; Intel Mac OS X 10_9_4) AppleWebKit/537.36 (KHTML, like Gecko) Chrome/37.0.2062.94 Safari/537.36',1409907733,''),
	('6e8258382a12e683671eeea9e3570eea','::1','Mozilla/5.0 (Macintosh; Intel Mac OS X 10_9_4) AppleWebKit/537.36 (KHTML, like Gecko) Chrome/37.0.2062.94 Safari/537.36',1409907733,''),
	('8206882a51fb3a9ae62f86ea3466c009','::1','Mozilla/5.0 (Macintosh; Intel Mac OS X 10_9_4) AppleWebKit/537.36 (KHTML, like Gecko) Chrome/37.0.2062.94 Safari/537.36',1409907734,''),
	('f87f25f07d4a202a9a2eee7ed9661bfd','::1','Mozilla/5.0 (Macintosh; Intel Mac OS X 10_9_4) AppleWebKit/537.36 (KHTML, like Gecko) Chrome/37.0.2062.94 Safari/537.36',1409907734,''),
	('99612ce6d61c5ed2bfb7cdbb9cd793b2','::1','Mozilla/5.0 (Macintosh; Intel Mac OS X 10_9_4) AppleWebKit/537.36 (KHTML, like Gecko) Chrome/37.0.2062.94 Safari/537.36',1409907734,''),
	('bd93a31ce091912887789ce367fe3168','::1','Mozilla/5.0 (Macintosh; Intel Mac OS X 10_9_4) AppleWebKit/537.36 (KHTML, like Gecko) Chrome/37.0.2062.94 Safari/537.36',1409907734,''),
	('1df04da930db9e38ab7a7e005690f386','::1','Mozilla/5.0 (Macintosh; Intel Mac OS X 10_9_4) AppleWebKit/537.36 (KHTML, like Gecko) Chrome/37.0.2062.94 Safari/537.36',1409907754,''),
	('a334b26e6129014bd1cb2e48287e4d8a','::1','Mozilla/5.0 (Macintosh; Intel Mac OS X 10_9_4) AppleWebKit/537.36 (KHTML, like Gecko) Chrome/37.0.2062.94 Safari/537.36',1409907754,''),
	('1f480b53c39dc3f42b3615de060b90dc','::1','Mozilla/5.0 (Macintosh; Intel Mac OS X 10_9_4) AppleWebKit/537.36 (KHTML, like Gecko) Chrome/37.0.2062.94 Safari/537.36',1409907754,''),
	('1928be7320818b2bb77c2146cf348aeb','::1','Mozilla/5.0 (Macintosh; Intel Mac OS X 10_9_4) AppleWebKit/537.36 (KHTML, like Gecko) Chrome/37.0.2062.94 Safari/537.36',1409907754,''),
	('7a8b4f08af962661794f420ff95d9b46','::1','Mozilla/5.0 (Macintosh; Intel Mac OS X 10_9_4) AppleWebKit/537.36 (KHTML, like Gecko) Chrome/37.0.2062.94 Safari/537.36',1409907754,''),
	('0e6b9f04f24421b8f489f461ef2b897f','::1','Mozilla/5.0 (Macintosh; Intel Mac OS X 10_9_4) AppleWebKit/537.36 (KHTML, like Gecko) Chrome/37.0.2062.94 Safari/537.36',1409907754,''),
	('e12c2d45d529914ea28f12ceb276601f','::1','Mozilla/5.0 (Macintosh; Intel Mac OS X 10_9_4) AppleWebKit/537.36 (KHTML, like Gecko) Chrome/37.0.2062.94 Safari/537.36',1409907758,''),
	('3d1de55d58006b21fa639bd5f03750e6','::1','Mozilla/5.0 (Macintosh; Intel Mac OS X 10_9_4) AppleWebKit/537.36 (KHTML, like Gecko) Chrome/37.0.2062.94 Safari/537.36',1409907758,''),
	('d7f99a487bd3e1e4522c27393ffc9e1b','::1','Mozilla/5.0 (Macintosh; Intel Mac OS X 10_9_4) AppleWebKit/537.36 (KHTML, like Gecko) Chrome/37.0.2062.94 Safari/537.36',1409907865,''),
	('bd8fa2f0c119a9c7148d8054a8667df2','::1','Mozilla/5.0 (Macintosh; Intel Mac OS X 10_9_4) AppleWebKit/537.36 (KHTML, like Gecko) Chrome/37.0.2062.94 Safari/537.36',1409907865,''),
	('a046d8cd8771b04ecf65793e2b4161d1','::1','Mozilla/5.0 (Macintosh; Intel Mac OS X 10_9_4) AppleWebKit/537.36 (KHTML, like Gecko) Chrome/37.0.2062.94 Safari/537.36',1409907865,''),
	('45872d05d046813d62143fd712d6b5f3','::1','Mozilla/5.0 (Macintosh; Intel Mac OS X 10_9_4) AppleWebKit/537.36 (KHTML, like Gecko) Chrome/37.0.2062.94 Safari/537.36',1409907865,''),
	('bb8d53c6012f4cefd22fcb09ad093970','::1','Mozilla/5.0 (Macintosh; Intel Mac OS X 10_9_4) AppleWebKit/537.36 (KHTML, like Gecko) Chrome/37.0.2062.94 Safari/537.36',1409907866,''),
	('f68027f433877290dc9854dc5433fa86','::1','Mozilla/5.0 (Macintosh; Intel Mac OS X 10_9_4) AppleWebKit/537.36 (KHTML, like Gecko) Chrome/37.0.2062.94 Safari/537.36',1409907866,''),
	('00d877550ac4e20a5a411ef12a805d77','::1','Mozilla/5.0 (Macintosh; Intel Mac OS X 10_9_4) AppleWebKit/537.36 (KHTML, like Gecko) Chrome/37.0.2062.94 Safari/537.36',1409907866,''),
	('0514adc8a0bc38228b8db99f17158984','::1','Mozilla/5.0 (Macintosh; Intel Mac OS X 10_9_4) AppleWebKit/537.36 (KHTML, like Gecko) Chrome/37.0.2062.94 Safari/537.36',1409907866,''),
	('26f56d232f139f216ebc7e1a369e3dff','::1','Mozilla/5.0 (Macintosh; Intel Mac OS X 10_9_4) AppleWebKit/537.36 (KHTML, like Gecko) Chrome/37.0.2062.94 Safari/537.36',1409907869,''),
	('b88122ff85ceb110231f938cae206c5c','::1','Mozilla/5.0 (Macintosh; Intel Mac OS X 10_9_4) AppleWebKit/537.36 (KHTML, like Gecko) Chrome/37.0.2062.94 Safari/537.36',1409907869,''),
	('161d87b8910c42554eff496c49856959','::1','Mozilla/5.0 (Macintosh; Intel Mac OS X 10_9_4) AppleWebKit/537.36 (KHTML, like Gecko) Chrome/37.0.2062.94 Safari/537.36',1409907906,''),
	('efa346c291057f8529ec8ca9bac188de','::1','Mozilla/5.0 (Macintosh; Intel Mac OS X 10_9_4) AppleWebKit/537.36 (KHTML, like Gecko) Chrome/37.0.2062.94 Safari/537.36',1409907906,''),
	('fb2435bf728b2d97deb100f7e0556f1f','::1','Mozilla/5.0 (Macintosh; Intel Mac OS X 10_9_4) AppleWebKit/537.36 (KHTML, like Gecko) Chrome/37.0.2062.94 Safari/537.36',1409907906,''),
	('a2ec839b428a9434207684524be92fc8','::1','Mozilla/5.0 (Macintosh; Intel Mac OS X 10_9_4) AppleWebKit/537.36 (KHTML, like Gecko) Chrome/37.0.2062.94 Safari/537.36',1409907906,''),
	('cf6b867f6cad03ed0b286a48c2f0b191','::1','Mozilla/5.0 (Macintosh; Intel Mac OS X 10_9_4) AppleWebKit/537.36 (KHTML, like Gecko) Chrome/37.0.2062.94 Safari/537.36',1409907906,''),
	('f1ca93cac21d3a19a83096f42ff37321','::1','Mozilla/5.0 (Macintosh; Intel Mac OS X 10_9_4) AppleWebKit/537.36 (KHTML, like Gecko) Chrome/37.0.2062.94 Safari/537.36',1409907906,''),
	('a53a16614b48bfec06bf2bf4c7685aa5','::1','Mozilla/5.0 (Macintosh; Intel Mac OS X 10_9_4) AppleWebKit/537.36 (KHTML, like Gecko) Chrome/37.0.2062.94 Safari/537.36',1409907907,''),
	('3ea7ee6826dab48ce980686255f2bb23','::1','Mozilla/5.0 (Macintosh; Intel Mac OS X 10_9_4) AppleWebKit/537.36 (KHTML, like Gecko) Chrome/37.0.2062.94 Safari/537.36',1409907907,''),
	('bab3bb9ce800b49372e7d0dd37aaa145','::1','Mozilla/5.0 (Macintosh; Intel Mac OS X 10_9_4) AppleWebKit/537.36 (KHTML, like Gecko) Chrome/37.0.2062.94 Safari/537.36',1409907907,''),
	('a667654d0eb7ebc097497db4d9c3b969','::1','Mozilla/5.0 (Macintosh; Intel Mac OS X 10_9_4) AppleWebKit/537.36 (KHTML, like Gecko) Chrome/37.0.2062.94 Safari/537.36',1409907907,''),
	('1baf8ba2ba79c67213977ca606ad0684','::1','Mozilla/5.0 (Macintosh; Intel Mac OS X 10_9_4) AppleWebKit/537.36 (KHTML, like Gecko) Chrome/37.0.2062.94 Safari/537.36',1409907907,''),
	('9d9528f7ab8f65bf4476fa9278126e8d','::1','Mozilla/5.0 (Macintosh; Intel Mac OS X 10_9_4) AppleWebKit/537.36 (KHTML, like Gecko) Chrome/37.0.2062.94 Safari/537.36',1409907907,''),
	('66704b0f94aac2627eca79916e56dcb9','::1','Mozilla/5.0 (Macintosh; Intel Mac OS X 10_9_4) AppleWebKit/537.36 (KHTML, like Gecko) Chrome/37.0.2062.94 Safari/537.36',1409907927,''),
	('294237cc0a1a52c11ef50b40ed282b2f','::1','Mozilla/5.0 (Macintosh; Intel Mac OS X 10_9_4) AppleWebKit/537.36 (KHTML, like Gecko) Chrome/37.0.2062.94 Safari/537.36',1409907927,''),
	('41142d8c63c0da216c7e06960cbf5ff7','::1','Mozilla/5.0 (Macintosh; Intel Mac OS X 10_9_4) AppleWebKit/537.36 (KHTML, like Gecko) Chrome/37.0.2062.94 Safari/537.36',1409907927,''),
	('e1762e9a21b7eef04666e15cf6cf0df8','::1','Mozilla/5.0 (Macintosh; Intel Mac OS X 10_9_4) AppleWebKit/537.36 (KHTML, like Gecko) Chrome/37.0.2062.94 Safari/537.36',1409907927,''),
	('e5245f1284ab172b8e64a6d9f41e819b','::1','Mozilla/5.0 (Macintosh; Intel Mac OS X 10_9_4) AppleWebKit/537.36 (KHTML, like Gecko) Chrome/37.0.2062.94 Safari/537.36',1409907927,''),
	('a248ef250a45216703d09f7d1ba22d15','::1','Mozilla/5.0 (Macintosh; Intel Mac OS X 10_9_4) AppleWebKit/537.36 (KHTML, like Gecko) Chrome/37.0.2062.94 Safari/537.36',1409907927,''),
	('7e81c04c76ef2330e11352e6f33181e6','::1','Mozilla/5.0 (Macintosh; Intel Mac OS X 10_9_4) AppleWebKit/537.36 (KHTML, like Gecko) Chrome/37.0.2062.94 Safari/537.36',1409908014,''),
	('f38b2f0e696ac184ce99fc5c8f098b93','::1','Mozilla/5.0 (Macintosh; Intel Mac OS X 10_9_4) AppleWebKit/537.36 (KHTML, like Gecko) Chrome/37.0.2062.94 Safari/537.36',1409908014,''),
	('6814dc7f210be6b7886757f61bf784a2','::1','Mozilla/5.0 (Macintosh; Intel Mac OS X 10_9_4) AppleWebKit/537.36 (KHTML, like Gecko) Chrome/37.0.2062.94 Safari/537.36',1409908015,''),
	('35cd908e5a92d8cd34c2fc975ffa334c','::1','Mozilla/5.0 (Macintosh; Intel Mac OS X 10_9_4) AppleWebKit/537.36 (KHTML, like Gecko) Chrome/37.0.2062.94 Safari/537.36',1409908015,''),
	('a6812e35bc38e85c7a6afe4bec3b347b','::1','Mozilla/5.0 (Macintosh; Intel Mac OS X 10_9_4) AppleWebKit/537.36 (KHTML, like Gecko) Chrome/37.0.2062.94 Safari/537.36',1409908015,''),
	('052db33a18c9d4f8b2d12929e2ce1647','::1','Mozilla/5.0 (Macintosh; Intel Mac OS X 10_9_4) AppleWebKit/537.36 (KHTML, like Gecko) Chrome/37.0.2062.94 Safari/537.36',1409908015,''),
	('3979778a34d8b06af14d699e00e92c78','::1','Mozilla/5.0 (Macintosh; Intel Mac OS X 10_9_4) AppleWebKit/537.36 (KHTML, like Gecko) Chrome/37.0.2062.94 Safari/537.36',1409908022,''),
	('9a7ae898d7a5a7ef8c8ba4ba7e4c1c83','::1','Mozilla/5.0 (Macintosh; Intel Mac OS X 10_9_4) AppleWebKit/537.36 (KHTML, like Gecko) Chrome/37.0.2062.94 Safari/537.36',1409908022,''),
	('db4adae7daa6f1dc0ad7b2e7c06d5478','::1','Mozilla/5.0 (Macintosh; Intel Mac OS X 10_9_4) AppleWebKit/537.36 (KHTML, like Gecko) Chrome/37.0.2062.94 Safari/537.36',1409908022,''),
	('74eb7c5de8c258cba3ac59dd476304e3','::1','Mozilla/5.0 (Macintosh; Intel Mac OS X 10_9_4) AppleWebKit/537.36 (KHTML, like Gecko) Chrome/37.0.2062.94 Safari/537.36',1409908022,''),
	('5b2edc09492d2631af12077be69d1446','::1','Mozilla/5.0 (Macintosh; Intel Mac OS X 10_9_4) AppleWebKit/537.36 (KHTML, like Gecko) Chrome/37.0.2062.94 Safari/537.36',1409908022,''),
	('9c8e5c20ee8ed470e7ed0e332199885d','::1','Mozilla/5.0 (Macintosh; Intel Mac OS X 10_9_4) AppleWebKit/537.36 (KHTML, like Gecko) Chrome/37.0.2062.94 Safari/537.36',1409908022,''),
	('c158482743580e2d29263cfbad529cb7','::1','Mozilla/5.0 (Macintosh; Intel Mac OS X 10_9_4) AppleWebKit/537.36 (KHTML, like Gecko) Chrome/37.0.2062.94 Safari/537.36',1409908022,''),
	('289e14ab11b0e57875061d6f1c0c80a7','::1','Mozilla/5.0 (Macintosh; Intel Mac OS X 10_9_4) AppleWebKit/537.36 (KHTML, like Gecko) Chrome/37.0.2062.94 Safari/537.36',1409908022,''),
	('9cd4f7f5178db38934c8dd8002c4dc93','::1','Mozilla/5.0 (Macintosh; Intel Mac OS X 10_9_4) AppleWebKit/537.36 (KHTML, like Gecko) Chrome/37.0.2062.94 Safari/537.36',1409908022,''),
	('22b3e30ec465be251171a38d405ea6d8','::1','Mozilla/5.0 (Macintosh; Intel Mac OS X 10_9_4) AppleWebKit/537.36 (KHTML, like Gecko) Chrome/37.0.2062.94 Safari/537.36',1409908022,''),
	('8211d10a29d0de586ac66638085e58e3','::1','Mozilla/5.0 (Macintosh; Intel Mac OS X 10_9_4) AppleWebKit/537.36 (KHTML, like Gecko) Chrome/37.0.2062.94 Safari/537.36',1409908022,''),
	('b639ed6e329822ef8dfae6933537b7fd','::1','Mozilla/5.0 (Macintosh; Intel Mac OS X 10_9_4) AppleWebKit/537.36 (KHTML, like Gecko) Chrome/37.0.2062.94 Safari/537.36',1409908022,''),
	('2767776874a0d9841f22b2d57c2826f5','::1','Mozilla/5.0 (Macintosh; Intel Mac OS X 10_9_4) AppleWebKit/537.36 (KHTML, like Gecko) Chrome/37.0.2062.94 Safari/537.36',1409908022,''),
	('62e4287fc9897872125c9d53239f39ff','::1','Mozilla/5.0 (Macintosh; Intel Mac OS X 10_9_4) AppleWebKit/537.36 (KHTML, like Gecko) Chrome/37.0.2062.94 Safari/537.36',1409908022,''),
	('2070f74b6ee5c91d9202048238a4fa63','::1','Mozilla/5.0 (Macintosh; Intel Mac OS X 10_9_4) AppleWebKit/537.36 (KHTML, like Gecko) Chrome/37.0.2062.94 Safari/537.36',1409908022,''),
	('2ea02fb995f9554c9abaf2bc48f615eb','::1','Mozilla/5.0 (Macintosh; Intel Mac OS X 10_9_4) AppleWebKit/537.36 (KHTML, like Gecko) Chrome/37.0.2062.94 Safari/537.36',1409908022,''),
	('a8d1c6c45a2d0d83c8bd8318022599f3','::1','Mozilla/5.0 (Macintosh; Intel Mac OS X 10_9_4) AppleWebKit/537.36 (KHTML, like Gecko) Chrome/37.0.2062.94 Safari/537.36',1409908096,''),
	('30af2299b0403cdf9e941910bf9eb349','::1','Mozilla/5.0 (Macintosh; Intel Mac OS X 10_9_4) AppleWebKit/537.36 (KHTML, like Gecko) Chrome/37.0.2062.94 Safari/537.36',1409908096,''),
	('d29401ee1ffc6adc8725b53d0d428a86','::1','Mozilla/5.0 (Macintosh; Intel Mac OS X 10_9_4) AppleWebKit/537.36 (KHTML, like Gecko) Chrome/37.0.2062.94 Safari/537.36',1409908096,''),
	('edda47dc7d32a5ef3631f599a2fb9a7a','::1','Mozilla/5.0 (Macintosh; Intel Mac OS X 10_9_4) AppleWebKit/537.36 (KHTML, like Gecko) Chrome/37.0.2062.94 Safari/537.36',1409908096,''),
	('f031a4228d1cfe8fdce4dd28e378b87c','::1','Mozilla/5.0 (Macintosh; Intel Mac OS X 10_9_4) AppleWebKit/537.36 (KHTML, like Gecko) Chrome/37.0.2062.94 Safari/537.36',1409908096,''),
	('48b9d4f2de5a728b2ea9aee719475a14','::1','Mozilla/5.0 (Macintosh; Intel Mac OS X 10_9_4) AppleWebKit/537.36 (KHTML, like Gecko) Chrome/37.0.2062.94 Safari/537.36',1409908096,''),
	('37c0d7ec08a318650e5214f895bd8de0','::1','Mozilla/5.0 (Macintosh; Intel Mac OS X 10_9_4) AppleWebKit/537.36 (KHTML, like Gecko) Chrome/37.0.2062.94 Safari/537.36',1409908096,''),
	('8e070f0f8421374f3ba1a071dac0cf12','::1','Mozilla/5.0 (Macintosh; Intel Mac OS X 10_9_4) AppleWebKit/537.36 (KHTML, like Gecko) Chrome/37.0.2062.94 Safari/537.36',1409908096,''),
	('657efc792d91135c8e8928d9714c6494','::1','Mozilla/5.0 (Macintosh; Intel Mac OS X 10_9_4) AppleWebKit/537.36 (KHTML, like Gecko) Chrome/37.0.2062.94 Safari/537.36',1409908096,''),
	('1c32fc06bc7ece85ef63b5da79eac319','::1','Mozilla/5.0 (Macintosh; Intel Mac OS X 10_9_4) AppleWebKit/537.36 (KHTML, like Gecko) Chrome/37.0.2062.94 Safari/537.36',1409908096,''),
	('f1a3f58942e06d7874e1996fe7b255d1','::1','Mozilla/5.0 (Macintosh; Intel Mac OS X 10_9_4) AppleWebKit/537.36 (KHTML, like Gecko) Chrome/37.0.2062.94 Safari/537.36',1409908096,''),
	('dbce3bb32fd669a050030ca9cfba1667','::1','Mozilla/5.0 (Macintosh; Intel Mac OS X 10_9_4) AppleWebKit/537.36 (KHTML, like Gecko) Chrome/37.0.2062.94 Safari/537.36',1409908096,''),
	('79146c514235b457c37a2c2ab4717e3a','::1','Mozilla/5.0 (Macintosh; Intel Mac OS X 10_9_4) AppleWebKit/537.36 (KHTML, like Gecko) Chrome/37.0.2062.94 Safari/537.36',1409908096,''),
	('efb0135f62b4ddc1441ccfcddeb21ea4','::1','Mozilla/5.0 (Macintosh; Intel Mac OS X 10_9_4) AppleWebKit/537.36 (KHTML, like Gecko) Chrome/37.0.2062.94 Safari/537.36',1409908096,''),
	('965b0ea863e25e3b180b366bc37dba78','::1','Mozilla/5.0 (Macintosh; Intel Mac OS X 10_9_4) AppleWebKit/537.36 (KHTML, like Gecko) Chrome/37.0.2062.94 Safari/537.36',1409908096,''),
	('dc4e5dc5cab0e6dbe7c71af3b412f112','::1','Mozilla/5.0 (Macintosh; Intel Mac OS X 10_9_4) AppleWebKit/537.36 (KHTML, like Gecko) Chrome/37.0.2062.94 Safari/537.36',1409908096,''),
	('a2ee2c430c722b6faba4d60c1051640f','::1','Mozilla/5.0 (Macintosh; Intel Mac OS X 10_9_4) AppleWebKit/537.36 (KHTML, like Gecko) Chrome/37.0.2062.94 Safari/537.36',1409908100,''),
	('49c9a2392e1954f047da918fccbf9210','::1','Mozilla/5.0 (Macintosh; Intel Mac OS X 10_9_4) AppleWebKit/537.36 (KHTML, like Gecko) Chrome/37.0.2062.94 Safari/537.36',1409908100,''),
	('b370772c91f8f2ccc00717ef9c811332','::1','Mozilla/5.0 (Macintosh; Intel Mac OS X 10_9_4) AppleWebKit/537.36 (KHTML, like Gecko) Chrome/37.0.2062.94 Safari/537.36',1409908100,''),
	('976ee0a95f414dd3cdbede5152b3b6c2','::1','Mozilla/5.0 (Macintosh; Intel Mac OS X 10_9_4) AppleWebKit/537.36 (KHTML, like Gecko) Chrome/37.0.2062.94 Safari/537.36',1409908100,''),
	('b344a85fce13891b2e855837b1b890d2','::1','Mozilla/5.0 (Macintosh; Intel Mac OS X 10_9_4) AppleWebKit/537.36 (KHTML, like Gecko) Chrome/37.0.2062.94 Safari/537.36',1409908100,''),
	('e2ac759ceb097500ade65115b2a94404','::1','Mozilla/5.0 (Macintosh; Intel Mac OS X 10_9_4) AppleWebKit/537.36 (KHTML, like Gecko) Chrome/37.0.2062.94 Safari/537.36',1409908100,''),
	('ff8103efb44144b2f9d747dd1f2c5bfe','::1','Mozilla/5.0 (Macintosh; Intel Mac OS X 10_9_4) AppleWebKit/537.36 (KHTML, like Gecko) Chrome/37.0.2062.94 Safari/537.36',1409908100,''),
	('8eb550ef0fa49950ae713f49e3c379a2','::1','Mozilla/5.0 (Macintosh; Intel Mac OS X 10_9_4) AppleWebKit/537.36 (KHTML, like Gecko) Chrome/37.0.2062.94 Safari/537.36',1409908100,''),
	('b9c34fd5cd8e056f959323d8c30fc3af','::1','Mozilla/5.0 (Macintosh; Intel Mac OS X 10_9_4) AppleWebKit/537.36 (KHTML, like Gecko) Chrome/37.0.2062.94 Safari/537.36',1409908137,''),
	('f982a84d7023beaf5e654c95a4235722','::1','Mozilla/5.0 (Macintosh; Intel Mac OS X 10_9_4) AppleWebKit/537.36 (KHTML, like Gecko) Chrome/37.0.2062.94 Safari/537.36',1409908137,''),
	('363a25b1d5bd7eaea30757a45b60eb16','::1','Mozilla/5.0 (Macintosh; Intel Mac OS X 10_9_4) AppleWebKit/537.36 (KHTML, like Gecko) Chrome/37.0.2062.94 Safari/537.36',1409908137,''),
	('4fce4ea6f60e97196108ec84a4ca4738','::1','Mozilla/5.0 (Macintosh; Intel Mac OS X 10_9_4) AppleWebKit/537.36 (KHTML, like Gecko) Chrome/37.0.2062.94 Safari/537.36',1409908137,''),
	('86be653b60c634e1b65146b2b51d7d95','::1','Mozilla/5.0 (Macintosh; Intel Mac OS X 10_9_4) AppleWebKit/537.36 (KHTML, like Gecko) Chrome/37.0.2062.94 Safari/537.36',1409908138,''),
	('5e33490ed82bdb8a6d5e67a648812274','::1','Mozilla/5.0 (Macintosh; Intel Mac OS X 10_9_4) AppleWebKit/537.36 (KHTML, like Gecko) Chrome/37.0.2062.94 Safari/537.36',1409908138,''),
	('0af367f08524b25ef6085d3c4a2461af','::1','Mozilla/5.0 (Macintosh; Intel Mac OS X 10_9_4) AppleWebKit/537.36 (KHTML, like Gecko) Chrome/37.0.2062.94 Safari/537.36',1409908138,''),
	('42bade7661384adeac38b230d6b456d8','::1','Mozilla/5.0 (Macintosh; Intel Mac OS X 10_9_4) AppleWebKit/537.36 (KHTML, like Gecko) Chrome/37.0.2062.94 Safari/537.36',1409908138,''),
	('b075c2942160cadf9e25727b741665c9','::1','Mozilla/5.0 (Macintosh; Intel Mac OS X 10_9_4) AppleWebKit/537.36 (KHTML, like Gecko) Chrome/37.0.2062.94 Safari/537.36',1409908147,''),
	('e3e8dc75332159b896e600fe563889b9','::1','Mozilla/5.0 (Macintosh; Intel Mac OS X 10_9_4) AppleWebKit/537.36 (KHTML, like Gecko) Chrome/37.0.2062.94 Safari/537.36',1409908147,''),
	('19bdeb3c36ab6311cfb71d796aaa5c13','::1','Mozilla/5.0 (Macintosh; Intel Mac OS X 10_9_4) AppleWebKit/537.36 (KHTML, like Gecko) Chrome/37.0.2062.94 Safari/537.36',1409908147,''),
	('d01f35b504ba57f407349c8bfc0fccea','::1','Mozilla/5.0 (Macintosh; Intel Mac OS X 10_9_4) AppleWebKit/537.36 (KHTML, like Gecko) Chrome/37.0.2062.94 Safari/537.36',1409908147,''),
	('a60dc3baa9d4f73981dc0901ae469320','::1','Mozilla/5.0 (Macintosh; Intel Mac OS X 10_9_4) AppleWebKit/537.36 (KHTML, like Gecko) Chrome/37.0.2062.94 Safari/537.36',1409908147,''),
	('6729b380a828b1414e4eda3dcb53c03b','::1','Mozilla/5.0 (Macintosh; Intel Mac OS X 10_9_4) AppleWebKit/537.36 (KHTML, like Gecko) Chrome/37.0.2062.94 Safari/537.36',1409908147,''),
	('c414d5ad9729d0720df27ddc96440c04','::1','Mozilla/5.0 (Macintosh; Intel Mac OS X 10_9_4) AppleWebKit/537.36 (KHTML, like Gecko) Chrome/37.0.2062.94 Safari/537.36',1409908170,''),
	('545128154a12229defe3f84279e26004','::1','Mozilla/5.0 (Macintosh; Intel Mac OS X 10_9_4) AppleWebKit/537.36 (KHTML, like Gecko) Chrome/37.0.2062.94 Safari/537.36',1409908170,''),
	('ba4279edd886f359b6dc79def9ec1e14','::1','Mozilla/5.0 (Macintosh; Intel Mac OS X 10_9_4) AppleWebKit/537.36 (KHTML, like Gecko) Chrome/37.0.2062.94 Safari/537.36',1409908170,''),
	('e45b27009d7a664036686a04982dbc01','::1','Mozilla/5.0 (Macintosh; Intel Mac OS X 10_9_4) AppleWebKit/537.36 (KHTML, like Gecko) Chrome/37.0.2062.94 Safari/537.36',1409908170,''),
	('0fa3bcb33b736cca0e227576d7b0abfd','::1','Mozilla/5.0 (Macintosh; Intel Mac OS X 10_9_4) AppleWebKit/537.36 (KHTML, like Gecko) Chrome/37.0.2062.94 Safari/537.36',1409908170,''),
	('2ae91b082130eb005666284432be17fc','::1','Mozilla/5.0 (Macintosh; Intel Mac OS X 10_9_4) AppleWebKit/537.36 (KHTML, like Gecko) Chrome/37.0.2062.94 Safari/537.36',1409908170,''),
	('914a8b43f4b473677c8d93f7140a8f85','::1','Mozilla/5.0 (Macintosh; Intel Mac OS X 10_9_4) AppleWebKit/537.36 (KHTML, like Gecko) Chrome/37.0.2062.94 Safari/537.36',1409908175,''),
	('61e0007053a523012dc08c4dc8a8de73','::1','Mozilla/5.0 (Macintosh; Intel Mac OS X 10_9_4) AppleWebKit/537.36 (KHTML, like Gecko) Chrome/37.0.2062.94 Safari/537.36',1409908175,''),
	('8cd17d0b8de99a0016b17cb0284fe2ad','::1','Mozilla/5.0 (Macintosh; Intel Mac OS X 10_9_4) AppleWebKit/537.36 (KHTML, like Gecko) Chrome/37.0.2062.94 Safari/537.36',1409908175,''),
	('3509db3aea1d6b740ad6e32b29290882','::1','Mozilla/5.0 (Macintosh; Intel Mac OS X 10_9_4) AppleWebKit/537.36 (KHTML, like Gecko) Chrome/37.0.2062.94 Safari/537.36',1409908175,''),
	('14f37958a60919a7b318310e0b2af6c2','::1','Mozilla/5.0 (Macintosh; Intel Mac OS X 10_9_4) AppleWebKit/537.36 (KHTML, like Gecko) Chrome/37.0.2062.94 Safari/537.36',1409908175,''),
	('ce7a0a821ab42f83ec3495af3e878296','::1','Mozilla/5.0 (Macintosh; Intel Mac OS X 10_9_4) AppleWebKit/537.36 (KHTML, like Gecko) Chrome/37.0.2062.94 Safari/537.36',1409908175,'');

/*!40000 ALTER TABLE `ci_sessions` ENABLE KEYS */;
UNLOCK TABLES;


# Dump of table mc_answer
# ------------------------------------------------------------

DROP TABLE IF EXISTS `mc_answer`;

CREATE TABLE `mc_answer` (
  `answer_id` int(11) NOT NULL AUTO_INCREMENT,
  `question_id` int(11) NOT NULL,
  `answer` varchar(255) NOT NULL DEFAULT '',
  `correct_id` int(11) NOT NULL,
  PRIMARY KEY (`answer_id`)
) ENGINE=InnoDB DEFAULT CHARSET=latin1;

LOCK TABLES `mc_answer` WRITE;
/*!40000 ALTER TABLE `mc_answer` DISABLE KEYS */;

INSERT INTO `mc_answer` (`answer_id`, `question_id`, `answer`, `correct_id`)
VALUES
	(1,1,'Display hook',1),
	(2,1,'Module hook',0),
	(3,1,'Controller hook',0),
	(4,3,'ersdfsdfsdfdsffsf',1);

/*!40000 ALTER TABLE `mc_answer` ENABLE KEYS */;
UNLOCK TABLES;


# Dump of table mc_correct
# ------------------------------------------------------------

DROP TABLE IF EXISTS `mc_correct`;

CREATE TABLE `mc_correct` (
  `id` int(11) NOT NULL,
  `correct_value` varchar(255) NOT NULL DEFAULT '',
  PRIMARY KEY (`id`)
) ENGINE=InnoDB DEFAULT CHARSET=latin1;

LOCK TABLES `mc_correct` WRITE;
/*!40000 ALTER TABLE `mc_correct` DISABLE KEYS */;

INSERT INTO `mc_correct` (`id`, `correct_value`)
VALUES
	(0,'No'),
	(1,'Yes Exclusive'),
	(2,'Yes With others');

/*!40000 ALTER TABLE `mc_correct` ENABLE KEYS */;
UNLOCK TABLES;


# Dump of table mc_question
# ------------------------------------------------------------

DROP TABLE IF EXISTS `mc_question`;

CREATE TABLE `mc_question` (
  `id` int(11) NOT NULL AUTO_INCREMENT,
  `test_id` int(11) NOT NULL,
  `question` varchar(255) NOT NULL DEFAULT '',
  `score` double(11,2) NOT NULL DEFAULT '1.00',
  PRIMARY KEY (`id`)
) ENGINE=InnoDB DEFAULT CHARSET=latin1;

LOCK TABLES `mc_question` WRITE;
/*!40000 ALTER TABLE `mc_question` DISABLE KEYS */;

INSERT INTO `mc_question` (`id`, `test_id`, `question`, `score`)
VALUES
	(1,1,'What kind of hook is used by the adaptive framework?',1.00),
	(2,1,'Vraag 2',1.00),
	(3,2,'test 2 question',1.00);

/*!40000 ALTER TABLE `mc_question` ENABLE KEYS */;
UNLOCK TABLES;


# Dump of table mc_test
# ------------------------------------------------------------

DROP TABLE IF EXISTS `mc_test`;

CREATE TABLE `mc_test` (
  `id` int(11) unsigned NOT NULL AUTO_INCREMENT,
  `test_name` varchar(255) NOT NULL DEFAULT '',
  PRIMARY KEY (`id`)
) ENGINE=InnoDB DEFAULT CHARSET=latin1;

LOCK TABLES `mc_test` WRITE;
/*!40000 ALTER TABLE `mc_test` DISABLE KEYS */;

INSERT INTO `mc_test` (`id`, `test_name`)
VALUES
	(1,'Adaptative'),
	(2,'2');

/*!40000 ALTER TABLE `mc_test` ENABLE KEYS */;
UNLOCK TABLES;


# Dump of table mc_test_question
# ------------------------------------------------------------

DROP TABLE IF EXISTS `mc_test_question`;

CREATE TABLE `mc_test_question` (
  `test_id` int(11) NOT NULL,
  `question_id` int(11) NOT NULL,
  UNIQUE KEY `test_id` (`test_id`,`question_id`)
) ENGINE=InnoDB DEFAULT CHARSET=latin1;

LOCK TABLES `mc_test_question` WRITE;
/*!40000 ALTER TABLE `mc_test_question` DISABLE KEYS */;

INSERT INTO `mc_test_question` (`test_id`, `question_id`)
VALUES
	(1,1),
	(2,1),
	(3,2);

/*!40000 ALTER TABLE `mc_test_question` ENABLE KEYS */;
UNLOCK TABLES;


# Dump of table menu
# ------------------------------------------------------------

DROP TABLE IF EXISTS `menu`;

CREATE TABLE `menu` (
  `id` int(11) NOT NULL AUTO_INCREMENT,
  `parent_id` int(11) NOT NULL DEFAULT '0',
  `menu_id` int(11) NOT NULL DEFAULT '1',
  `order` int(3) NOT NULL DEFAULT '0',
  `name` varchar(255) NOT NULL DEFAULT '',
  `link` varchar(255) NOT NULL,
  `position` varchar(255) NOT NULL DEFAULT 'left',
  `acl_id` int(1) NOT NULL DEFAULT '0' COMMENT '0=public,1=user,2=manager,3=admin',
  PRIMARY KEY (`id`)
) ENGINE=InnoDB DEFAULT CHARSET=latin1;

LOCK TABLES `menu` WRITE;
/*!40000 ALTER TABLE `menu` DISABLE KEYS */;

INSERT INTO `menu` (`id`, `parent_id`, `menu_id`, `order`, `name`, `link`, `position`, `acl_id`)
VALUES
	(2,0,1,1,'About','page/about','right',0),
	(3,0,1,1,'Logout','user/logout','right',1),
	(4,0,2,1,'Logout','user/logout','right',2),
	(6,0,1,2,'Admin','admin','left',2),
	(7,22,2,3,'Users','admin/users','left',2),
	(8,22,2,1,'Menus','admin/menus','left',2),
	(9,22,2,2,'Pages','admin/pages','left',2),
	(10,0,2,1,'Home','admin','left',1),
	(11,0,1,1,'Contact {$visited/}','page/contact','footer',0),
	(12,0,1,2,'Disclamer','page/disclamer','footer',0),
	(13,0,1,0,'Help','page/help','footer',0),
	(14,0,1,9,'Admin','admin','left',0),
	(15,0,1,1,'{adaptationlayer$order;top;min;conceptGlobalVar;0;next/}','{adaptationlayer$order;top;min;conceptGlobalVar;0;nextLink/}','left',0),
	(16,21,2,1,'Settings Adap.','admin/a_settings','left',2),
	(17,21,2,2,'Concepten','admin/a_concepts','left',2),
	(18,21,2,3,'Variables','admin/a_variables','left',2),
	(19,21,2,4,'Relationships','admin/a_relationships','left',2),
	(20,21,2,5,'Values','admin/a_variable_values','left',2),
	(21,0,2,3,'Adaptation','#','left',2),
	(22,22,2,2,'CMS','#','left',2),
	(23,0,2,4,'MC Plugin','#','left',2),
	(24,23,2,1,'Tests','admin/mc_test','left',2),
	(25,23,2,2,'Questions','admin/mc_question','left',0),
	(26,23,2,3,'Answers','admin/mc_answer','left',2);

/*!40000 ALTER TABLE `menu` ENABLE KEYS */;
UNLOCK TABLES;


# Dump of table menus
# ------------------------------------------------------------

DROP TABLE IF EXISTS `menus`;

CREATE TABLE `menus` (
  `id` int(11) NOT NULL AUTO_INCREMENT,
  `name` varchar(255) NOT NULL DEFAULT '',
  PRIMARY KEY (`id`)
) ENGINE=InnoDB DEFAULT CHARSET=latin1;

LOCK TABLES `menus` WRITE;
/*!40000 ALTER TABLE `menus` DISABLE KEYS */;

INSERT INTO `menus` (`id`, `name`)
VALUES
	(1,'Mainmenu'),
	(2,'Adminmenu');

/*!40000 ALTER TABLE `menus` ENABLE KEYS */;
UNLOCK TABLES;


# Dump of table pages
# ------------------------------------------------------------

DROP TABLE IF EXISTS `pages`;

CREATE TABLE `pages` (
  `page_id` int(11) NOT NULL AUTO_INCREMENT,
  `page_name` varchar(255) NOT NULL DEFAULT '',
  `acl_id` int(11) NOT NULL DEFAULT '0',
  `page_title` varchar(255) NOT NULL DEFAULT '',
  `page_text` text,
  PRIMARY KEY (`page_id`)
) ENGINE=MyISAM DEFAULT CHARSET=latin1;

LOCK TABLES `pages` WRITE;
/*!40000 ALTER TABLE `pages` DISABLE KEYS */;

INSERT INTO `pages` (`page_id`, `page_name`, `acl_id`, `page_title`, `page_text`)
VALUES
	(2,'contact',0,'Contact','<p>\n bestand aanwezig</p>\n'),
	(3,'disclamer',0,'Disclamer','<div class=\"row\">\n <div class=\"col-md-8\">\n  <h2>\n   Cookies</h2>\n  <p>\n   This website uses session-cookies to bind your session to our server. The session cookie contains a unique value, in your case: {#expression;$this-&gt;sessionId/}. {#fade;in;4000%0}External parties are not involved, information stays on our servers.{/#fade%0}</p>\n  <p>\n   {$visited;&gt;2}<i>You visited this page more than two times, maybe we can provide additional information. Please contact us at 0031 623192869</i>{/$visited}</p>\n </div>\n <div class=\"col-md-4\">\n  <div class=\"panel panel-primary\">\n   <div class=\"panel-heading\">\n    <h3 class=\"panel-title\">\n     Visited variable</h3>\n   </div>\n   <div class=\"panel-body\">\n    <p>\n     U visited this page {$visited/} times.</p>\n   </div>\n  </div>\n </div>\n</div>\n<p>\n &nbsp;</p>\n'),
	(6,'Help',0,'Help','<div class=\"panel-body\">\n <strong>Menu sorted from max to min:</strong></div>\n<div class=\"panel-body\">\n Menu item 1: {site$visited;top;max;concept;0/}<br />\n Menu item 2: {site$visited;top;max;concept;1/}<br />\n Menu item 3:&nbsp;{site$visited;top;max;concept;2/}</div>\n<div class=\"panel-body\">\n Menu example based on all pages<br />\n {page$visited;top;max;menu;/}</div>\n'),
	(7,'Home',0,'Home','{hook$knowledge;init;0;/}{cms$knowledge;init;0;/}\n<div class=\"row\">\n <div class=\"col-md-8\">\n  <p>\n   {#processbar;1;0;1;adaptationlayer$knowledge/}</p>\n  <p>\n   {0;1;adaptationlayer$knowledge;&lt;1}</p>\n  <div class=\"jumbotron\">\n   <h1>\n    Welcome</h1>\n   <p>\n    Welcome on <u>adaptive</u> web-site used as a prove of concept for a master thesis. You are reading this text because your current knowlegde level is&nbsp;{0;5;adaptationlayer$knowledge/}.</p>\n  </div>\n  <div class=\"panel panel-success\">\n   <div class=\"panel-heading\">\n    <h3 class=\"panel-title\">\n     Concept</h3>\n   </div>\n   <div class=\"panel-body\">\n    This website isused as a proof of concept. It uses a PHP framework, called CodeIngiter. Pages are defined in a MySQL database and loaded through different controllers, models and views (MVC architecture). The output of the framework (CI) is processed by an adaptation layer. This layer is hooked on the framework.\n    <p>\n     &nbsp;</p>\n   </div>\n  </div>\n  <ul class=\"pager\">\n   <li class=\"next\">\n    <a href=\"{adaptationlayer$order;top;min;conceptGlobalVar;0;nextLink/}\">Next topic: {adaptationlayer$order;top;min;conceptGlobalVar;0;next/}</li>\n  </ul>\n  <p>\n   &nbsp;</p>\n  <p>\n   {/$knowledge} {0;1;adaptationlayer$knowledge;==1}</p>\n  <div class=\"jumbotron\">\n   <h1>\n    Welcome back!</h1>\n   <p>\n    U visited about {page$visited/} pages in total, including duplicates, without duplicates: {page$visit/}.<br/>You completed the course!<br/><br/><span id=\'reload\'><a id=\'reset\'>Reset your knowledge</a>{#alink;areset;reload;reset;0/}</span></p>\n  </div>\n  <p>\n   {/$knowledge}</p>\n </div>\n <div class=\"col-md-4\">\n{0;1;adaptationlayer$knowledge;!=1}\n  <div class=\"panel panel-primary\">\n   <div class=\"panel-heading\">\n    <h3 class=\"panel-title\">\n     Next page</h3>\n   </div>\n   <div class=\"panel-body\" id=\"next\">\n    <a href=\"{adaptationlayer$order;top;min;conceptGlobalVar;0;nextLink/}\">{adaptationlayer$order;top;min;conceptGlobalVar;0;next/}</a></div>\n  </div>\n{/$knowledge}\n  <div class=\"panel panel-default\">\n   <div class=\"panel-heading\">\n    <h3 class=\"panel-title\">\n     Adaptation knowledge level</h3>\n   </div>\n   <div class=\"panel-body\">\n    Your current level: {0;5;adaptationlayer$knowledge/}</div>\n  </div>\n  <div class=\"panel panel-default\">\n   <div class=\"panel-heading\">\n    <h3 class=\"panel-title\">\n     Adaptation Menu</h3>\n   </div>\n   <div class=\"panel-body\">\n    Menu example based on the <u>number</u> of visits to&nbsp;all pages:<br />\n    {page$visited;top;max;menu;start:0;start:0;linkVar:link;linkNameVar:linkName/}</div>\n  </div>\n  <div class=\"panel panel-default\">\n   <div class=\"panel-heading\">\n    <h3 class=\"panel-title\">\n     Adaptation command examples</h3>\n   </div>\n   <div class=\"panel-body\">\n    <strong>If-command:</strong><br />\n    { $visit;==1}You visited the current page{ /$visit}</div>\n   <div class=\"panel-body\">\n    <strong>Echo-command:</strong><br />\n    { $visit/} Here you echo the value of the variable of the current concept</div>\n   <div class=\"panel-body\">\n    <strong>Hashtag-command:</strong><br />\n    The hashtag-command supports different methods, e.g.:<br />\n    <br />\n    1. Time based comparison<br />\n    2.&nbsp;Fade-In<br />\n    3.&nbsp;Fade-Out</div>\n   <div class=\"panel-body\">\n    <strong>Menu sorted from max to min:</strong></div>\n   <div class=\"panel-body\">\n    Menu item 1: { site$visited;top;max;concept;0/} <span class=\"badge\">{site$visited;top;max;conceptVar;0;visited/}</span><br />\n    Menu item 2: {site$visited;top;max;concept;1/} <span class=\"badge\">{site$visited;top;max;conceptVar;1;visited/}</span><br />\n    Menu item 3: {site$visited;top;max;concept;2/} <span class=\"badge\">{site$visited;top;max;conceptVar;2;visited/}</span></div>\n  </div>\n </div>\n</div>\n<p>\n &nbsp;</p>\n'),
	(10,'about',0,'About','<div class=\"panel panel-default\">\n  <div class=\"panel-body\">\n    <p>\n This project is built as a &#39;proof of concept&#39; for my master thesis. The master thesis is about defining an adaptive web-based framework. This framework should provide a basic concept for defining adaptation within current general web-techniques used, like PHP, MySQL. {$visited;==0}{#fadein;10000}Approximately 39% of the web-sites are using content management systems (CMS). The most commonly used CMS &nbsp;is wordpress followed by Joomla.{/#fadein}{/$visited}{$visited;&gt;0%1}Approximately 39% of the web-sites are using content management systems (CMS). The most commonly used CMS &nbsp;is wordpress followed by Joomla.{/$visited%1}</p>\n<h2>\n Concept Relation Model</h2>\n<p>\n The framework uses a concept, relation model for defining and setting variables.</p>\n\n  </div>\n</div>\n'),
	(11,'Benchmark',0,'Benchmark','<p>\n view exists</p>\n'),
	(12,'hook',0,'Hook','<div id=\"adaptationlayerknowledge\">\n Adaptation layer knowledge level: {#processbar;1;0;1;adaptationlayer$knowledge/}</div>\n<p>\n {#read;ahookread;knowledgediv;5000/}{#read;anext;menu_1_0;5500/}{#read;anext2;next;5500/}{#read;aknowledgebar;adaptationlayerknowledge;5500/}</p>\n<div class=\"row\">\n <div class=\"col-sm-5 col-md-6\">\n  <div class=\"jumbotron\">\n   <h1>\n    Hook</h1>\n   This web-application is built on the codeIgniter framework. Within the codeIngiter framework, different controllers, models and views are written for content management purposes. The framework is connected with a special adaptation layer. This conneciton is a so called `hook`. This hook processes all page content before being sent to the client (you).</div>\n  <ul class=\"pager\">\n   <li class=\"next\" id=\"next\">\n    &nbsp;</li>\n  </ul>\n </div>\n <div class=\"col-sm-5 col-sm-offset-2 col-md-6 col-md-offset-0\">\n  <div class=\"panel panel-default\">\n   <div class=\"panel-heading\">\n    <h3 class=\"panel-title\">\n     Hook knowledge level</h3>\n   </div>\n   <div class=\"panel-body\" id=\"knowledgediv\">\n    Your current level: {#processbar;1;0;1;hook$knowledge/}</div>\n  </div>\n  <div class=\"panel panel-info\">\n   <div class=\"panel-heading\">\n    <h3 class=\"panel-title\">\n     Code of the hook</h3>\n   </div>\n   <div class=\"panel-body\">\n    The code of the hook is very simple, it just contains a `require` to import the adaptation layer file. Then an object is created and within this object the function `run` is called.</div>\n  </div>\n </div>\n</div>\n<p>\n &nbsp;</p>\n'),
	(8,'Overview',0,'Overview','<div class=\"jumbotron\">\n <h1>\n  Congratulations!</h1>\n You completed the course.</div>\n<div class=\"panel panel-info\">\n <div class=\"panel-heading\">\n  <h3 class=\"panel-title\">\n   Variable overview</h3>\n </div>\n <div class=\"panel-body\">\n  <p>\n   {adaptationlayer$order;top;min;menu;linkVar:nextLink;linkNameVar:next/}<br />\n   Hook knowledge {hook$knowledge/}<br />\n   CMS knowledge {cms$knowledge/}<br />\n   Intro knowledge {intro$knowledge/}<br />\n   Hook order {hook$order/}<br />\n   CMS order {cms$order/}<br />\n   <br />\n   Adaptation Layer knowledge (normal calculation): {adaptationlayer$knowledge/}<br />\n   Adaptation Layer knowledge (wa calculation): {0;1;adaptationlayer$knowledge/}<br />\n   Adaptation Layer knowledge (global + normal calculation): {0;2;adaptationlayer$knowledge/}<br />\n   Adaptation Layer knowledge (global + wa calculation): {0;3;adaptationlayer$knowledge/}<br />\n   Adaptation Layer knowledge (global): {1;0;adaptationlayer$knowledge/}<br />\n   Adaptation Layer knowledge (wa global): {1;1;adaptationlayer$knowledge/}</p>\n </div>\n</div>\n<p>\n &nbsp;</p>\n'),
	(17,'acmsread',0,'Adaptation CMS Read','<div>\n {done$knowledge;set;1/}{cms$knowledge;set;1/}Your current level:&nbsp;{#processbar;1;0;1;cms$knowledge/}</div>\n'),
	(13,'ahookread',0,'Adaptation Hook Read','<div>\n {hook$knowledge;set;1/}Your current level:&nbsp;{#processbar;1;0;1;hook$knowledge/}</div>\n'),
	(20,'anext2',0,'anext2','<a href=\"{adaptationlayer$order;top;min;conceptGlobalVar;0;nextLink/}\">Next: {adaptationlayer$order;top;min;conceptGlobalVar;0;next/}</a>'),
	(15,'anext',0,'anext','<a href=\"{adaptationlayer$order;top;min;conceptGlobalVar;0;nextLink/}\">{adaptationlayer$order;top;min;conceptGlobalVar;0;next/}</a>'),
	(16,'cms',0,'CMS','<div id=\"adaptationlayerknowledge\">\n Adaptation layer knowledge level: {#processbar;1;0;1;adaptationlayer$knowledge/}</div>\n<p>\n {#read;acmsread;knowledgediv;5000/}{#read;anext;menu_1_0;5500/}{#read;anext2;next;5500/}{#read;aknowledgebar;adaptationlayerknowledge;5500/}</p>\n<div class=\"row\">\n <div class=\"col-sm-5 col-md-6\">\n  <div class=\"jumbotron\">\n   <h1>\n    Content Management Systems</h1>\n   This web-application is built on the codeIgniter framework. Within the codeIngiter framework, different controllers, models and views are written for content management purposes. The framework is connected with a special adaptation layer. This conneciton is a so called `hook`. This hook processes all page content before being sent to the client (you).</div>\n  <ul class=\"pager\">\n   <li class=\"next\" id=\"next\">\n    &nbsp;</li>\n  </ul>\n </div>\n <div class=\"col-sm-5 col-sm-offset-2 col-md-6 col-md-offset-0\">\n  <div class=\"panel panel-default\">\n   <div class=\"panel-heading\">\n    <h3 class=\"panel-title\">\n     CMS knowledge level</h3>\n   </div>\n   <div class=\"panel-body\" id=\"knowledgediv\">\n    Your current level: {#processbar;1;0;1;cms$knowledge/}</div>\n  </div>\n </div>\n</div>\n<p>\n &nbsp;</p>\n'),
	(18,'aknowledgebar',0,'aknowledgebar','<div id=\"adaptationlayerknowledge\">\n Adaptation layer knowledge level: {#processbar;1;0;1;adaptationlayer$knowledge/}</div>\n'),
	(21,'test',0,'test','<div>\n {1;0;page/home$linkName;init;0;+1/}</div>\n<div>\n global set test {1;0;page/home$linkName;set;&#39;Home Page Link&#39; / }</div>\n<div>\n {1;0;page/hook$linkName;set;&#39;Hook Page&#39;/}</div>\n<div>\n home link global: {1;0;page/home$link/} , linkName:&nbsp;{1;0;page/home$linkName/}</div>\n<div id=\"test\">\n test div</div>\n<p>\n <h> Test{#interval;atest;test;5000/}</h></p>\n<p>\n {$lya;init;0;+1/}</p>\n<p>\n {$lya;&gt;2}<strong>Blabla</strong> Polo blabla {/$lya}</p>\n<h>\n<p>\n sskdfjsdkfjslkafj, the home page is visited {page/home$visited/} times.</p>\n<p>\n {#fade;in;2000}<img alt=\"\" src=\"http://doowansnewsandevents.files.wordpress.com/2013/05/one-size-fits-all-1.jpg\" />{/#fade}</p>\n</h>'),
	(22,'atest',0,'atest','<p>\n {$visited;init;0;+1/}</p>\n<p>\n content after 5 seconds -&gt; dit is de {$visited/} keer</p>\n'),
	(23,'areset',0,'areset',' {hook$knowledge;set;0/}{cms$knowledge;set;0/}{intro$knowledge;set;0/}{done$knowledge;set;0/}<a href=\'../page/home\'>Reset done! Reload page</a>\n');

/*!40000 ALTER TABLE `pages` ENABLE KEYS */;
UNLOCK TABLES;


# Dump of table users
# ------------------------------------------------------------

DROP TABLE IF EXISTS `users`;

CREATE TABLE `users` (
  `user_id` int(11) NOT NULL AUTO_INCREMENT,
  `user_active` int(1) NOT NULL DEFAULT '1',
  `user_email` varchar(255) DEFAULT NULL,
  `user_password` varchar(255) NOT NULL DEFAULT '',
  `acl_id` int(1) NOT NULL DEFAULT '1',
  `user_fname` varchar(255) NOT NULL,
  `user_lname` varchar(255) DEFAULT NULL,
  PRIMARY KEY (`user_id`)
) ENGINE=MyISAM DEFAULT CHARSET=latin1;

LOCK TABLES `users` WRITE;
/*!40000 ALTER TABLE `users` DISABLE KEYS */;

INSERT INTO `users` (`user_id`, `user_active`, `user_email`, `user_password`, `acl_id`, `user_fname`, `user_lname`)
VALUES
	(1,1,'admin','d033e22ae348aeb5660fc2140aec35850c4da997',2,'Admin','');

/*!40000 ALTER TABLE `users` ENABLE KEYS */;
UNLOCK TABLES;



/*!40111 SET SQL_NOTES=@OLD_SQL_NOTES */;
/*!40101 SET SQL_MODE=@OLD_SQL_MODE */;
/*!40014 SET FOREIGN_KEY_CHECKS=@OLD_FOREIGN_KEY_CHECKS */;
/*!40101 SET CHARACTER_SET_CLIENT=@OLD_CHARACTER_SET_CLIENT */;
/*!40101 SET CHARACTER_SET_RESULTS=@OLD_CHARACTER_SET_RESULTS */;
/*!40101 SET COLLATION_CONNECTION=@OLD_COLLATION_CONNECTION */;
